Nome,Tipo,Categoria,Cidade,Bairro,Endereço,Telefone,WhatsApp,E-mail,Site,Instagram,Facebook,LinkedIn,Google Maps,Nota no Google,Quantidade de avaliações,Status,Score comercial,Classificação comercial,Observações comerciais,Duplicado de
Colégio Brasilis,Escola,Colégio,Mogi das Cruzes,Alto do Ipiranga,"Rua José Colela, 211, Alto do Ipiranga, Mogi das Cruzes, SP",+55 11 4723 8789,,,https://colegiobrasilis.com.br/,,,,https://www.google.com/maps/search/?api=1&query=Col%C3%A9gio+Brasilis+Rua+Jos%C3%A9+Colela%2C+211%2C+Alto+do+Ipiranga%2C+Mogi+das+Cruzes%2C+SP,,,sem informação,55,Prioridade Média,tem site; telefone localizado; redes sociais nao localizadas; nota/avaliacoes Google nao coletadas nesta fonte,Colégio Brasílis
Colégio Brasilis,Escola,Colégio,Mogi das Cruzes,Alto do Ipiranga,"Avenida Brás de Pina, 1125, Alto do Ipiranga, Mogi das Cruzes, SP",+55 11 4793 9100,,,https://colegiobrasilis.com.br/,,,,https://www.google.com/maps/search/?api=1&query=Col%C3%A9gio+Brasilis+Avenida+Br%C3%A1s+de+Pina%2C+1125%2C+Alto+do+Ipiranga%2C+Mogi+das+Cruzes%2C+SP,,,sem informação,55,Prioridade Média,tem site; telefone localizado; redes sociais nao localizadas; nota/avaliacoes Google nao coletadas nesta fonte,Colégio Brasílis
Escola Técnica Itaquaquecetuna,Escola,Escola,Itaquaquecetuba,Santa Tereza,"Rua Cambará Orli, 866, Santa Tereza, Itaquaquecetuba, SP",+55 11 4642 5544,,,,,,,https://www.google.com/maps/search/?api=1&query=Escola+T%C3%A9cnica+Itaquaquecetuna+Rua+Cambar%C3%A1+Orli%2C+866%2C+Santa+Tereza%2C+Itaquaquecetuba%2C+SP,,,sem informação,40,Prioridade Baixa,sem site encontrado na fonte publica; telefone localizado; redes sociais nao localizadas; operador: government; nota/avaliacoes Google nao coletadas nesta fonte,Escola Técnica Itaquaquecetuna
Clinica Médica São João,Saúde,Clínica,Guarulhos,São João,"Rua Lagoa de Dentro, 74, São João, Guarulhos, SP",,,,,,,,https://www.google.com/maps/search/?api=1&query=Clinica+M%C3%A9dica+S%C3%A3o+Jo%C3%A3o+Rua+Lagoa+de+Dentro%2C+74%2C+S%C3%A3o+Jo%C3%A3o%2C+Guarulhos%2C+SP,,,sem informação,30,Prioridade Baixa,sem site encontrado na fonte publica; redes sociais nao localizadas; operador: private; nota/avaliacoes Google nao coletadas nesta fonte,Clinica Médica São João
Hospital Carlos Chagas,Saúde,Hospital,Guarulhos,Centro,"Ladeira Campos Sales, Centro, Guarulhos, SP",,,,,,,,https://www.google.com/maps/search/?api=1&query=Hospital+Carlos+Chagas+Ladeira+Campos+Sales%2C+Centro%2C+Guarulhos%2C+SP,,,sem informação,35,Prioridade Baixa,sem site encontrado na fonte publica; redes sociais nao localizadas; nota/avaliacoes Google nao coletadas nesta fonte,Hospital Carlos Chagas
Colégio Sentido Obrigatório,Escola,Colégio,Itaquaquecetuba,Vila Zeferina,"Rua Bagé, Vila Zeferina, Itaquaquecetuba, SP",,,,,,,,https://www.google.com/maps/search/?api=1&query=Col%C3%A9gio+Sentido+Obrigat%C3%B3rio+Rua+Bag%C3%A9%2C+Vila+Zeferina%2C+Itaquaquecetuba%2C+SP,,,sem informação,35,Prioridade Baixa,sem site encontrado na fonte publica; redes sociais nao localizadas; nota/avaliacoes Google nao coletadas nesta fonte,Colégio Sentido Obrigatório
Colégio do Re Mi,Escola,Colégio,Itaquaquecetuba,Jardim Mossapyra,"Alberto Hinoto, 6468, Jardim Mossapyra, Itaquaquecetuba, SP",(11) 4649-2020,,,,,,,https://www.google.com/maps/search/?api=1&query=Alberto+Hinoto%2C+6468%2C+Jardim+Mossapyra%2C+Itaquaquecetuba-SP,,,sem informação,50,Prioridade Média,Fonte Escolas.com.br: http://escolas.com.br/colegio-do-re-mi-35004012; site oficial/redes não coletados nesta fonte,Colégio Dó Ré Mi
Escola Municipal José Braz Neto,Escola,Escola,Suzano,Jardim Quaresmeira,"Eunice Cerqueira Innocencio, 380, Rua, Jardim Quaresmeira, Suzano, SP",(11) 4751-2477,,,,,,,https://www.google.com/maps/search/?api=1&query=Eunice+Cerqueira+Innocencio%2C+380%2C+Rua%2C+Jardim+Quaresmeira%2C+Suzano-SP,,,sem informação,40,Prioridade Baixa,Fonte Escolas.com.br: http://escolas.com.br/escola-municipal-jose-braz-neto-35570606; site oficial/redes não coletados nesta fonte,Escola Municipal José Braz Neto
Athenas Instituto de Educação,Escola,Escola,Arujá,Jardim Renata,"Diomar Fernandes Negretti, 25, Jardim Renata, Arujá, SP",(11) 4653-5059,,,,,,,https://www.google.com/maps/search/?api=1&query=Diomar+Fernandes+Negretti%2C+25%2C+Jardim+Renata%2C+Aruj%C3%A1-SP,,,sem informação,40,Prioridade Baixa,Fonte Escolas.com.br: http://escolas.com.br/athenas-instituto-de-educacao-35268586; site oficial/redes não coletados nesta fonte,Athenas Instituto de Educação
Cecan Centro De Convi E Apoio Ao Paciente Com Cancer,Saúde,Clínica,Mogi das Cruzes,Vila Vitoria,"Icds Instituto De Cooperacao Para O Desenvolvimento Da Sau, 26, Vila Vitoria, Mogi Das Cruzes, Sp",,,,,,,,https://www.google.com/maps/search/?api=1&query=Cecan+Centro+De+Convi+E+Apoio+Ao+Paciente+Com+Cancer+ICDS+INSTITUTO+DE+COOPERACAO+PARA+O+DESENVOLVIMENTO+DA+SAU%2C+26%2C+VILA+VITORIA%2C+MOGI+DAS+CRUZES%2C+SP+Mogi+das+Cruzes+SP,,,sem informação,30,Prioridade Baixa,Fonte CNES/DATASUS: https://cnes2.datasus.gov.br/Mod_Basico.asp?VCo_Unidade=3530604420438; CNES 4420438; CNPJ 06288135000504; site oficial/redes não coletados nesta fonte,Cecan Centro De Convi E Apoio Ao Paciente Com Cancer
Centrho De Hematologia E Hemoterapia De Mogi Das Cruzes Ltda,Saúde,Clínica,Mogi das Cruzes,Vila Mogilar,"Centrho De Hematologia E Hemoterapia De Mogi Das Cruzes Ltda, 703, Vila Mogilar, Mogi Das Cruzes, Sp",(11) 4796-4762,,auxiliar.adm@centrho.com.br,,,,,https://www.google.com/maps/search/?api=1&query=Centrho+De+Hematologia+E+Hemoterapia+De+Mogi+Das+Cruzes+Ltda+CENTRHO+DE+HEMATOLOGIA+E+HEMOTERAPIA+DE+MOGI+DAS+CRUZES+LTDA%2C+703%2C+VILA+MOGILAR%2C+MOGI+DAS+CRUZES%2C+SP+Mogi+das+Cruzes+SP,,,sem informação,50,Prioridade Média,Fonte CNES/DATASUS: https://cnes2.datasus.gov.br/Mod_Basico.asp?VCo_Unidade=3530602784807; CNES 2784807; CNPJ 54787338000164; site oficial/redes não coletados nesta fonte,Centrho De Hematologia E Hemoterapia De Mogi Das Cruzes Ltda
Clinica Anhembi,Saúde,Clínica,Mogi das Cruzes,Centro,"Anhembi Clinica Medica Especializada Ltda, 49, Centro, Mogi Das Cruzes, Sp",(11) 4724-8433,,financeiro@clinicaanhembi.com.br,,,,,https://www.google.com/maps/search/?api=1&query=Clinica+Anhembi+ANHEMBI+CLINICA+MEDICA+ESPECIALIZADA+LTDA%2C+49%2C+CENTRO%2C+MOGI+DAS+CRUZES%2C+SP+Mogi+das+Cruzes+SP,,,sem informação,50,Prioridade Média,Fonte CNES/DATASUS: https://cnes2.datasus.gov.br/Mod_Basico.asp?VCo_Unidade=3530602773198; CNES 2773198; CNPJ 44287977000107; site oficial/redes não coletados nesta fonte,Clinica Anhembi
Centrho De Hematologia E Hemoterapia De Mogi Das Cruzes Ltda,Saúde,Clínica,Mogi das Cruzes,Jardim Santista,"Centrho De Hematologia E Hemoterapia De Mogi Das Cruzes Ltda, 797, Jardim Santista, Mogi Das Cruzes, Sp",(11) 4790-1617,,centrho@centrho.com.br,,,,,https://www.google.com/maps/search/?api=1&query=Centrho+De+Hematologia+E+Hemoterapia+De+Mogi+Das+Cruzes+Ltda+CENTRHO+DE+HEMATOLOGIA+E+HEMOTERAPIA+DE+MOGI+DAS+CRUZES+LTDA%2C+797%2C+JARDIM+SANTISTA%2C+MOGI+DAS+CRUZES%2C+SP+Mogi+das+Cruzes+SP,,,sem informação,50,Prioridade Média,Fonte CNES/DATASUS: https://cnes2.datasus.gov.br/Mod_Basico.asp?VCo_Unidade=3530602784696; CNES 2784696; CNPJ 54787338000598; site oficial/redes não coletados nesta fonte,Centrho De Hematologia E Hemoterapia De Mogi Das Cruzes Ltda
Centro De Imunobiologicos Imunecare Ltda,Saúde,Clínica,Mogi das Cruzes,Parque Monte Libano,"Centro De Imunobiologicos Imunecare Ltda, 770, Parque Monte Libano, Mogi Das Cruzes, Sp",(12) 3943-3151,,contato@imunecare.com.br,,,,,https://www.google.com/maps/search/?api=1&query=Centro+De+Imunobiologicos+Imunecare+Ltda+CENTRO+DE+IMUNOBIOLOGICOS+IMUNECARE+LTDA%2C+770%2C+PARQUE+MONTE+LIBANO%2C+MOGI+DAS+CRUZES%2C+SP+Mogi+das+Cruzes+SP,,,sem informação,50,Prioridade Média,Fonte CNES/DATASUS: https://cnes2.datasus.gov.br/Mod_Basico.asp?VCo_Unidade=3530609906339; CNES 9906339; CNPJ 07894503000288; site oficial/redes não coletados nesta fonte,Centro De Imunobiologicos Imunecare Ltda
De Grao Em Grao Clinica Multidisciplinar Ltda,Saúde,Clínica,Mogi das Cruzes,Parque Monte Libano,"De Grao Em Grao Clinica Multidisciplinar Ltda, 1420, Parque Monte Libano, Mogi Das Cruzes, Sp",(11) 4566-5773,,clinicadegraoemgrao@gmail.com,,,,,https://www.google.com/maps/search/?api=1&query=De+Grao+Em+Grao+Clinica+Multidisciplinar+Ltda+DE+GRAO+EM+GRAO+CLINICA+MULTIDISCIPLINAR+LTDA%2C+1420%2C+PARQUE+MONTE+LIBANO%2C+MOGI+DAS+CRUZES%2C+SP+Mogi+das+Cruzes+SP,,,sem informação,50,Prioridade Média,Fonte CNES/DATASUS: https://cnes2.datasus.gov.br/Mod_Basico.asp?VCo_Unidade=3530604804651; CNES 4804651; CNPJ 43650831000383; site oficial/redes não coletados nesta fonte,De Grao Em Grao Clinica Multidisciplinar Ltda
Diagnosticos Da America S A,Saúde,Clínica,Mogi das Cruzes,Vila Suissa,"Diagnosticos Da America S A, 521, Vila Suissa, Mogi Das Cruzes, Sp",(11) 4197-5433,,claudineipereira@dasa.com.br,,,,,https://www.google.com/maps/search/?api=1&query=Diagnosticos+Da+America+S+A+DIAGNOSTICOS+DA+AMERICA+S+A%2C+521%2C+VILA+SUISSA%2C+MOGI+DAS+CRUZES%2C+SP+Mogi+das+Cruzes+SP,,,sem informação,50,Prioridade Média,Fonte CNES/DATASUS: https://cnes2.datasus.gov.br/Mod_Basico.asp?VCo_Unidade=3530606811620; CNES 6811620; CNPJ 61486650063347; site oficial/redes não coletados nesta fonte,Diagnosticos Da America S A
Diagnosticos Da America S A,Saúde,Clínica,Mogi das Cruzes,Vila Jundiai,"Diagnosticos Da America S A, 2585, Vila Jundiai, Mogi Das Cruzes, Sp",(11) 4197-5494,,clauidneipereira@dasa.com.br,,,,,https://www.google.com/maps/search/?api=1&query=Diagnosticos+Da+America+S+A+DIAGNOSTICOS+DA+AMERICA+S+A%2C+2585%2C+VILA+JUNDIAI%2C+MOGI+DAS+CRUZES%2C+SP+Mogi+das+Cruzes+SP,,,sem informação,50,Prioridade Média,Fonte CNES/DATASUS: https://cnes2.datasus.gov.br/Mod_Basico.asp?VCo_Unidade=3530605030277; CNES 5030277; CNPJ 61486650063690; site oficial/redes não coletados nesta fonte,Diagnosticos Da America S A
Diagnosticos Da America S A,Saúde,Clínica,Mogi das Cruzes,Jundiapeba,"Diagnosticos Da America S A, 29, Jundiapeba, Mogi Das Cruzes, Sp",(11) 2630-3000,,tributario@dasa.com.br,,,,,https://www.google.com/maps/search/?api=1&query=Diagnosticos+Da+America+S+A+DIAGNOSTICOS+DA+AMERICA+S+A%2C+29%2C+JUNDIAPEBA%2C+MOGI+DAS+CRUZES%2C+SP+Mogi+das+Cruzes+SP,,,sem informação,50,Prioridade Média,Fonte CNES/DATASUS: https://cnes2.datasus.gov.br/Mod_Basico.asp?VCo_Unidade=3530608385327; CNES 8385327; CNPJ 61486650070041; site oficial/redes não coletados nesta fonte,Diagnosticos Da America S A
De Grao Em Grao Clinica Multidisciplinar Ltda,Saúde,Clínica,Mogi das Cruzes,Vila Oliveira,"De Grao Em Grao Clinica Multidisciplinar Ltda, 1052, Vila Oliveira, Mogi Das Cruzes, Sp",(11) 4566-5773,,clinicadegraoemgrao@gmail.com,,,,,https://www.google.com/maps/search/?api=1&query=De+Grao+Em+Grao+Clinica+Multidisciplinar+Ltda+DE+GRAO+EM+GRAO+CLINICA+MULTIDISCIPLINAR+LTDA%2C+1052%2C+VILA+OLIVEIRA%2C+MOGI+DAS+CRUZES%2C+SP+Mogi+das+Cruzes+SP,,,sem informação,50,Prioridade Média,Fonte CNES/DATASUS: https://cnes2.datasus.gov.br/Mod_Basico.asp?VCo_Unidade=3530604437616; CNES 4437616; CNPJ 43650831000200; site oficial/redes não coletados nesta fonte,De Grao Em Grao Clinica Multidisciplinar Ltda
Espaco Terapeutico Cinthia Franca,Saúde,Clínica,Mogi das Cruzes,Vila Oliveira,"Espaco Terapeutico Danilo Franca Ltda, 331, Vila Oliveira, Mogi Das Cruzes, Sp",(11) 4122-6698,,danilo.franca@espacocinthiafranca.com.br,,,,,https://www.google.com/maps/search/?api=1&query=Espaco+Terapeutico+Cinthia+Franca+ESPACO+TERAPEUTICO+DANILO+FRANCA+LTDA%2C+331%2C+VILA+OLIVEIRA%2C+MOGI+DAS+CRUZES%2C+SP+Mogi+das+Cruzes+SP,,,sem informação,50,Prioridade Média,Fonte CNES/DATASUS: https://cnes2.datasus.gov.br/Mod_Basico.asp?VCo_Unidade=3530605693454; CNES 5693454; CNPJ 46804679000253; site oficial/redes não coletados nesta fonte,Espaco Terapeutico Cinthia Franca
Hospital Santana,Saúde,Hospital,Mogi das Cruzes,Centro,"Notre Dame Intermedica Saude S A, 71, Centro, Mogi Das Cruzes, Sp",,,,,,,,https://www.google.com/maps/search/?api=1&query=Hospital+Santana+NOTRE+DAME+INTERMEDICA+SAUDE+S+A%2C+71%2C+CENTRO%2C+MOGI+DAS+CRUZES%2C+SP+Mogi+das+Cruzes+SP,,,sem informação,35,Prioridade Baixa,Fonte CNES/DATASUS: https://cnes2.datasus.gov.br/Mod_Basico.asp?VCo_Unidade=3530602083256; CNES 2083256; CNPJ 44649812027176; site oficial/redes não coletados nesta fonte,Hospital Santana
Integrar Psicologia E Saude,Saúde,Clínica,Mogi das Cruzes,Vila Natal,"R R Integrar Psicologia E Saude Ltda, 447, Vila Natal, Mogi Das Cruzes, Sp",(11) 4726-4548,,srpservicoscontabeis@gmail.com,,,,,https://www.google.com/maps/search/?api=1&query=Integrar+Psicologia+E+Saude+R+R+INTEGRAR+PSICOLOGIA+E+SAUDE+LTDA%2C+447%2C+VILA+NATAL%2C+MOGI+DAS+CRUZES%2C+SP+Mogi+das+Cruzes+SP,,,sem informação,50,Prioridade Média,Fonte CNES/DATASUS: https://cnes2.datasus.gov.br/Mod_Basico.asp?VCo_Unidade=3530603739899; CNES 3739899; CNPJ 31810209000225; site oficial/redes não coletados nesta fonte,Integrar Psicologia E Saude
Mogi Mater Hospital E Maternidade,Saúde,Maternidade,Mogi das Cruzes,Centro,"Hospital E Maternidade Mogi Ltda, 83, Centro, Mogi Das Cruzes, Sp",,,,,,,,https://www.google.com/maps/search/?api=1&query=Mogi+Mater+Hospital+E+Maternidade+HOSPITAL+E+MATERNIDADE+MOGI+LTDA%2C+83%2C+CENTRO%2C+MOGI+DAS+CRUZES%2C+SP+Mogi+das+Cruzes+SP,,,sem informação,35,Prioridade Baixa,Fonte CNES/DATASUS: https://cnes2.datasus.gov.br/Mod_Basico.asp?VCo_Unidade=3530602784874; CNES 2784874; CNPJ 04711695000170; site oficial/redes não coletados nesta fonte,Mogi-Mater Hospital e Maternidade
Nasa Laboratorio Bio Clinico Ltda,Saúde,Clínica,Mogi das Cruzes,Jardim Santista,"Nasa Laboratorio Bio Clinico Ltda, 371, Jardim Santista, Mogi Das Cruzes, Sp",(11) 2090-0515,,carlaa@nasalaboratorio.com.br,,,,,https://www.google.com/maps/search/?api=1&query=Nasa+Laboratorio+Bio+Clinico+Ltda+NASA+LABORATORIO+BIO+CLINICO+LTDA%2C+371%2C+JARDIM+SANTISTA%2C+MOGI+DAS+CRUZES%2C+SP+Mogi+das+Cruzes+SP,,,sem informação,50,Prioridade Média,Fonte CNES/DATASUS: https://cnes2.datasus.gov.br/Mod_Basico.asp?VCo_Unidade=3530603611353; CNES 3611353; CNPJ 46502423000887; site oficial/redes não coletados nesta fonte,Nasa Laboratorio Bio Clinico Ltda
Notre Dame Intermedica Saude S A,Saúde,Clínica,Mogi das Cruzes,Centro,"Notre Dame Intermedica Saude S A, 300, Centro, Mogi Das Cruzes, Sp",(11) 3155-2000,,cadastro.federal@intermedica.com.br,,,,,https://www.google.com/maps/search/?api=1&query=Notre+Dame+Intermedica+Saude+S+A+NOTRE+DAME+INTERMEDICA+SAUDE+S+A%2C+300%2C+CENTRO%2C+MOGI+DAS+CRUZES%2C+SP+Mogi+das+Cruzes+SP,,,sem informação,50,Prioridade Média,Fonte CNES/DATASUS: https://cnes2.datasus.gov.br/Mod_Basico.asp?VCo_Unidade=3530604354125; CNES 4354125; CNPJ 44649812040431; site oficial/redes não coletados nesta fonte,Notre Dame Intermedica Saude S A
Radiologic Radiologia E Diagnostico Odontologico Ltda,Saúde,Clínica,Mogi das Cruzes,Centro,"Radiologic Radiologia E Diagnostico Odontologico Ltda, 1493, Centro, Mogi Das Cruzes, Sp",(11) 4726-1535,,patricia@radiologicdigital.com.br,,,,,https://www.google.com/maps/search/?api=1&query=Radiologic+Radiologia+E+Diagnostico+Odontologico+Ltda+RADIOLOGIC+RADIOLOGIA+E+DIAGNOSTICO+ODONTOLOGICO+LTDA%2C+1493%2C+CENTRO%2C+MOGI+DAS+CRUZES%2C+SP+Mogi+das+Cruzes+SP,,,sem informação,50,Prioridade Média,Fonte CNES/DATASUS: https://cnes2.datasus.gov.br/Mod_Basico.asp?VCo_Unidade=3530608097003; CNES 8097003; CNPJ 15232839000122; site oficial/redes não coletados nesta fonte,Radiologic Radiologia E Diagnostico Odontologico Ltda
Notre Dame Intermedica Saude S A,Saúde,Clínica,Mogi das Cruzes,Centro,"Notre Dame Intermedica Saude S A, 255, Centro, Mogi Das Cruzes, Sp",(11) 4795-4006,,fabio.oliveira@intermedica.com.br,,,,,https://www.google.com/maps/search/?api=1&query=Notre+Dame+Intermedica+Saude+S+A+NOTRE+DAME+INTERMEDICA+SAUDE+S+A%2C+255%2C+CENTRO%2C+MOGI+DAS+CRUZES%2C+SP+Mogi+das+Cruzes+SP,,,sem informação,50,Prioridade Média,Fonte CNES/DATASUS: https://cnes2.datasus.gov.br/Mod_Basico.asp?VCo_Unidade=3530600181595; CNES 0181595; CNPJ 44649812027761; site oficial/redes não coletados nesta fonte,Notre Dame Intermedica Saude S A
Unifi Unidade De Fisioterapia Intensiva S S Ltda,Saúde,Clínica,Mogi das Cruzes,Centro,"Unifi Unidade De Fisioterapia Intensiva S S Ltda, 443, Centro, Mogi Das Cruzes, Sp",(11) 4799-3460,,unifi.fisio@gmail.com,,,,,https://www.google.com/maps/search/?api=1&query=Unifi+Unidade+De+Fisioterapia+Intensiva+S+S+Ltda+UNIFI+UNIDADE+DE+FISIOTERAPIA+INTENSIVA+S+S+LTDA%2C+443%2C+CENTRO%2C+MOGI+DAS+CRUZES%2C+SP+Mogi+das+Cruzes+SP,,,sem informação,50,Prioridade Média,Fonte CNES/DATASUS: https://cnes2.datasus.gov.br/Mod_Basico.asp?VCo_Unidade=3530607152272; CNES 7152272; CNPJ 05131409000160; site oficial/redes não coletados nesta fonte,Unifi Unidade De Fisioterapia Intensiva S S Ltda
Associacao Psicologica De Guarulhos,Saúde,Clínica,Guarulhos,Centro,"Associacao Psicologica De Guarulhos Cnpj 54789169000100, 55, Centro, Guarulhos, Sp",,,,,,,,https://www.google.com/maps/search/?api=1&query=Associacao+Psicologica+De+Guarulhos+ASSOCIACAO+PSICOLOGICA+DE+GUARULHOS+CNPJ+54789169000100%2C+55%2C+CENTRO%2C+GUARULHOS%2C+SP+Guarulhos+SP,,,sem informação,30,Prioridade Baixa,Fonte CNES/DATASUS: https://cnes2.datasus.gov.br/Mod_Basico.asp?VCo_Unidade=3518801058207; CNES 1058207; CNPJ -; site oficial/redes não coletados nesta fonte,Associacao Psicologica De Guarulhos
Upa Jundiapeba,Saúde,Pronto Atendimento / UPA,Mogi das Cruzes,Jundiapeba,"Prefeitura Municipal De Mogi Das Cruzes, S/N, Jundiapeba, Mogi Das Cruzes, Sp",(11) 4798-5990,,ubs.jundiapeba@pmmc.com.br,,,,,https://www.google.com/maps/search/?api=1&query=Upa+Jundiapeba+PREFEITURA+MUNICIPAL+DE+MOGI+DAS+CRUZES%2C+S%2FN%2C+JUNDIAPEBA%2C+MOGI+DAS+CRUZES%2C+SP+Mogi+das+Cruzes+SP,,,sem informação,50,Prioridade Média,Fonte CNES/DATASUS: https://cnes2.datasus.gov.br/Mod_Basico.asp?VCo_Unidade=3530602773597; CNES 2773597; CNPJ -; site oficial/redes não coletados nesta fonte,Upa Jundiapeba
Cepac Centro De Diagnosticos,Saúde,Clínica,Guarulhos,Vila Hilda,"Cepac Centro De Diagnosticos Ltda, 5, Vila Hilda, Guarulhos, Sp",(11) 2442-2200,,cepac@cepac.com.br,,,,,https://www.google.com/maps/search/?api=1&query=Cepac+Centro+De+Diagnosticos+CEPAC+CENTRO+DE+DIAGNOSTICOS+LTDA%2C+5%2C+VILA+HILDA%2C+GUARULHOS%2C+SP+Guarulhos+SP,,,sem informação,50,Prioridade Média,Fonte CNES/DATASUS: https://cnes2.datasus.gov.br/Mod_Basico.asp?VCo_Unidade=3518805459087; CNES 5459087; CNPJ 49810617000323; site oficial/redes não coletados nesta fonte,Cepac Centro De Diagnosticos
Cepac Centro De Diagnosticos,Saúde,Clínica,Guarulhos,Macedo,"Cepac Centro De Diagnosticos Ltda, 910, Macedo, Guarulhos, Sp",(11) 2442-2200,,cepac@cepac.com.br,,,,,https://www.google.com/maps/search/?api=1&query=Cepac+Centro+De+Diagnosticos+CEPAC+CENTRO+DE+DIAGNOSTICOS+LTDA%2C+910%2C+MACEDO%2C+GUARULHOS%2C+SP+Guarulhos+SP,,,sem informação,50,Prioridade Média,Fonte CNES/DATASUS: https://cnes2.datasus.gov.br/Mod_Basico.asp?VCo_Unidade=3518809876464; CNES 9876464; CNPJ 49810617000838; site oficial/redes não coletados nesta fonte,Cepac Centro De Diagnosticos
Cintra E Youssef Medicos Associados,Saúde,Clínica,Guarulhos,Centro,"Cintra E Youssef Medicos Associados Ltda, 2120, Centro, Guarulhos, Sp",(11) 96300-7986,(11) 96300-7986,joao_maciel@uol.com.br,,,,,https://www.google.com/maps/search/?api=1&query=Cintra+E+Youssef+Medicos+Associados+CINTRA+E+YOUSSEF+MEDICOS+ASSOCIADOS+LTDA%2C+2120%2C+CENTRO%2C+GUARULHOS%2C+SP+Guarulhos+SP,,,sem informação,65,Prioridade Média,Fonte CNES/DATASUS: https://cnes2.datasus.gov.br/Mod_Basico.asp?VCo_Unidade=3518803795012; CNES 3795012; CNPJ 36654209000205; site oficial/redes não coletados nesta fonte,Cintra E Youssef Medicos Associados
Centro De Equoterapia E Reabilitacao Lorenzo C Campos,Saúde,Clínica,Guarulhos,Jardim Maia,"Centro De Equoterapia E Reabilitacao Lorenzo C Campos Ltda, 153, Jardim Maia, Guarulhos, Sp",(11) 94039-4067,(11) 94039-4067,coordenacaolorenzo@gmail.com,,,,,https://www.google.com/maps/search/?api=1&query=Centro+De+Equoterapia+E+Reabilitacao+Lorenzo+C+Campos+CENTRO+DE+EQUOTERAPIA+E+REABILITACAO+LORENZO+C+CAMPOS+LTDA%2C+153%2C+JARDIM+MAIA%2C+GUARULHOS%2C+SP+Guarulhos+SP,,,sem informação,65,Prioridade Média,Fonte CNES/DATASUS: https://cnes2.datasus.gov.br/Mod_Basico.asp?VCo_Unidade=3518805909317; CNES 5909317; CNPJ 44587432000205; site oficial/redes não coletados nesta fonte,Centro De Equoterapia E Reabilitacao Lorenzo C Campos
Clinica Calegari,Saúde,Clínica,Guarulhos,Jardim Eugenia,"Clinica Carvalho Calegari Centro Odontologico Ltda, 1550, Jardim Eugenia, Guarulhos, Sp",(11) 3428-1350,,adm@clinicacalegari.com.br,,,,,https://www.google.com/maps/search/?api=1&query=Clinica+Calegari+CLINICA+CARVALHO+CALEGARI+CENTRO+ODONTOLOGICO+LTDA%2C+1550%2C+JARDIM+EUGENIA%2C+GUARULHOS%2C+SP+Guarulhos+SP,,,sem informação,50,Prioridade Média,Fonte CNES/DATASUS: https://cnes2.datasus.gov.br/Mod_Basico.asp?VCo_Unidade=3518802872250; CNES 2872250; CNPJ 44034263000197; site oficial/redes não coletados nesta fonte,Clinica Calegari
Clinica De Psicologia Dnll,Saúde,Clínica,Guarulhos,Macedo,"Clinica De Psicologia Dnll Ltda, 1929, Macedo, Guarulhos, Sp",,,,,,,,https://www.google.com/maps/search/?api=1&query=Clinica+De+Psicologia+Dnll+CLINICA+DE+PSICOLOGIA+DNLL+LTDA%2C+1929%2C+MACEDO%2C+GUARULHOS%2C+SP+Guarulhos+SP,,,sem informação,30,Prioridade Baixa,Fonte CNES/DATASUS: https://cnes2.datasus.gov.br/Mod_Basico.asp?VCo_Unidade=3518802967359; CNES 2967359; CNPJ 29498231000230; site oficial/redes não coletados nesta fonte,Clinica De Psicologia Dnll
Clinica Leila Loutfi,Saúde,Clínica,Guarulhos,Vila Silveira,"Clinica Leila Loutfi Medicina Integrada Eireli, 111, Vila Silveira, Guarulhos, Sp",,,,,,,,https://www.google.com/maps/search/?api=1&query=Clinica+Leila+Loutfi+CLINICA+LEILA+LOUTFI+MEDICINA+INTEGRADA+EIRELI%2C+111%2C+VILA+SILVEIRA%2C+GUARULHOS%2C+SP+Guarulhos+SP,,,sem informação,30,Prioridade Baixa,Fonte CNES/DATASUS: https://cnes2.datasus.gov.br/Mod_Basico.asp?VCo_Unidade=3518803903095; CNES 3903095; CNPJ 20451158000195; site oficial/redes não coletados nesta fonte,Clinica Leila Loutfi
Clinica Medica Doutor Tem Ltda,Saúde,Clínica,Guarulhos,Jardim Paraiso,"Clinica Medica Doutor Tem Ltda, 800, Jardim Paraiso, Guarulhos, Sp",(11) 4966-4748,,claudiaspala33@gmail.com,,,,,https://www.google.com/maps/search/?api=1&query=Clinica+Medica+Doutor+Tem+Ltda+CLINICA+MEDICA+DOUTOR+TEM+LTDA%2C+800%2C+JARDIM+PARAISO%2C+GUARULHOS%2C+SP+Guarulhos+SP,,,sem informação,50,Prioridade Média,Fonte CNES/DATASUS: https://cnes2.datasus.gov.br/Mod_Basico.asp?VCo_Unidade=3518804118324; CNES 4118324; CNPJ 38471006000110; site oficial/redes não coletados nesta fonte,Clinica Medica Doutor Tem Ltda
Clinica Multidisciplinar Menthalhelp,Saúde,Clínica,Guarulhos,Vila Tijuco,"Clinica Multidisciplinar Menthalhelp Ltda, 122, Vila Tijuco, Guarulhos, Sp",(11) 2451-5695,,reginnapsico@gmail.com,,,,,https://www.google.com/maps/search/?api=1&query=Clinica+Multidisciplinar+Menthalhelp+CLINICA+MULTIDISCIPLINAR+MENTHALHELP+LTDA%2C+122%2C+VILA+TIJUCO%2C+GUARULHOS%2C+SP+Guarulhos+SP,,,sem informação,50,Prioridade Média,Fonte CNES/DATASUS: https://cnes2.datasus.gov.br/Mod_Basico.asp?VCo_Unidade=3518802926822; CNES 2926822; CNPJ 39676660000203; site oficial/redes não coletados nesta fonte,Clinica Multidisciplinar Menthalhelp
Clinica Odontologica Monte Verde,Saúde,Clínica,Guarulhos,Centro,"Clinica Odontologica Monte Verde S S Ltda, 235, Centro, Guarulhos, Sp",24689903,,clinicamonteverde@uol.com.br,,,,,https://www.google.com/maps/search/?api=1&query=Clinica+Odontologica+Monte+Verde+CLINICA+ODONTOLOGICA+MONTE+VERDE+S+S+LTDA%2C+235%2C+CENTRO%2C+GUARULHOS%2C+SP+Guarulhos+SP,,,sem informação,50,Prioridade Média,Fonte CNES/DATASUS: https://cnes2.datasus.gov.br/Mod_Basico.asp?VCo_Unidade=3518805275334; CNES 5275334; CNPJ 04068272000184; site oficial/redes não coletados nesta fonte,Clinica Odontologica Monte Verde
Clinica Onix,Saúde,Clínica,Guarulhos,Jardim Santa Vicenci,"Clinica Onix Posto De Coleta Ltda Cnpj 42310016000140, 41, Jardim Santa Vicenci, Guarulhos, Sp",,,,,,,,https://www.google.com/maps/search/?api=1&query=Clinica+Onix+CLINICA+ONIX+POSTO+DE+COLETA+LTDA+CNPJ+42310016000140%2C+41%2C+JARDIM+SANTA+VICENCI%2C+GUARULHOS%2C+SP+Guarulhos+SP,,,sem informação,30,Prioridade Baixa,Fonte CNES/DATASUS: https://cnes2.datasus.gov.br/Mod_Basico.asp?VCo_Unidade=3518801062719; CNES 1062719; CNPJ -; site oficial/redes não coletados nesta fonte,Clinica Onix
Clinica Passos,Saúde,Clínica,Guarulhos,Jd Carvalho,"Clinica Passos Ltda Me, 229, Jd Carvalho, Guarulhos, Sp",,,,,,,,https://www.google.com/maps/search/?api=1&query=Clinica+Passos+CLINICA+PASSOS+LTDA+ME%2C+229%2C+JD+CARVALHO%2C+GUARULHOS%2C+SP+Guarulhos+SP,,,sem informação,30,Prioridade Baixa,Fonte CNES/DATASUS: https://cnes2.datasus.gov.br/Mod_Basico.asp?VCo_Unidade=3518807873107; CNES 7873107; CNPJ 08901541000100; site oficial/redes não coletados nesta fonte,Clinica Passos
Clinica Start Diagnosticos,Saúde,Clínica,Guarulhos,Jardim Sao Joao,"Chirley Doralice De Oliveira, 577, Jardim Sao Joao, Guarulhos, Sp",(11) 98402-8158,(11) 98402-8158,chirleyoiliveira443@gmail.com,,,,,https://www.google.com/maps/search/?api=1&query=Clinica+Start+Diagnosticos+CHIRLEY+DORALICE+DE+OLIVEIRA%2C+577%2C+JARDIM+SAO+JOAO%2C+GUARULHOS%2C+SP+Guarulhos+SP,,,sem informação,65,Prioridade Média,Fonte CNES/DATASUS: https://cnes2.datasus.gov.br/Mod_Basico.asp?VCo_Unidade=3518804493192; CNES 4493192; CNPJ 46246341000142; site oficial/redes não coletados nesta fonte,Clinica Start Diagnosticos
Consultorio Odontologico Grazziele Rodrigues,Saúde,Clínica,Guarulhos,Taboao,"Consultorio Odontologico Grazziele Rodr Cnpj 46110956000147, 64, Taboao, Guarulhos, Sp",,,,,,,,https://www.google.com/maps/search/?api=1&query=Consultorio+Odontologico+Grazziele+Rodrigues+CONSULTORIO+ODONTOLOGICO+GRAZZIELE+RODR+CNPJ+46110956000147%2C+64%2C+TABOAO%2C+GUARULHOS%2C+SP+Guarulhos+SP,,,sem informação,30,Prioridade Baixa,Fonte CNES/DATASUS: https://cnes2.datasus.gov.br/Mod_Basico.asp?VCo_Unidade=3518801070991; CNES 1070991; CNPJ -; site oficial/redes não coletados nesta fonte,Consultorio Odontologico Grazziele Rodrigues
Cury Radiologia,Saúde,Clínica,Guarulhos,Jardim Santa Francis,"Cury Radiologia E Documentacao Odontologica Ltda, 564, Jardim Santa Francis, Guarulhos, Sp",(11) 2408-1155,,cury@curyradiologia.com.br,,,,,https://www.google.com/maps/search/?api=1&query=Cury+Radiologia+CURY+RADIOLOGIA+E+DOCUMENTACAO+ODONTOLOGICA+LTDA%2C+564%2C+JARDIM+SANTA+FRANCIS%2C+GUARULHOS%2C+SP+Guarulhos+SP,,,sem informação,50,Prioridade Média,Fonte CNES/DATASUS: https://cnes2.datasus.gov.br/Mod_Basico.asp?VCo_Unidade=3518803250075; CNES 3250075; CNPJ 01114417000148; site oficial/redes não coletados nesta fonte,Cury Radiologia
Cury Radiologia,Saúde,Clínica,Guarulhos,Parque Jurema,"Cury Radiologia E Documentacao Odontologica Ltda, 774, Parque Jurema, Guarulhos, Sp",(11) 2408-1155,,cury@curyradiologia.com.br,,,,,https://www.google.com/maps/search/?api=1&query=Cury+Radiologia+CURY+RADIOLOGIA+E+DOCUMENTACAO+ODONTOLOGICA+LTDA%2C+774%2C+PARQUE+JUREMA%2C+GUARULHOS%2C+SP+Guarulhos+SP,,,sem informação,50,Prioridade Média,Fonte CNES/DATASUS: https://cnes2.datasus.gov.br/Mod_Basico.asp?VCo_Unidade=3518800279374; CNES 0279374; CNPJ 01114417000300; site oficial/redes não coletados nesta fonte,Cury Radiologia
Cury Radiologia,Saúde,Clínica,Guarulhos,Centro,"Cury Radiologia E Documentacao Odontologica Ltda, 100, Centro, Guarulhos, Sp",(11) 2408-1155,,cury@curyradiologia.com.br,,,,,https://www.google.com/maps/search/?api=1&query=Cury+Radiologia+CURY+RADIOLOGIA+E+DOCUMENTACAO+ODONTOLOGICA+LTDA%2C+100%2C+CENTRO%2C+GUARULHOS%2C+SP+Guarulhos+SP,,,sem informação,50,Prioridade Média,Fonte CNES/DATASUS: https://cnes2.datasus.gov.br/Mod_Basico.asp?VCo_Unidade=3518803785912; CNES 3785912; CNPJ 01114417000229; site oficial/redes não coletados nesta fonte,Cury Radiologia
Dr Consulta Centro Medico,Saúde,Clínica,Guarulhos,Vila Endres,"Dr Consulta Centro Medico Ltda, 295, Vila Endres, Guarulhos, Sp",(11) 4118-1510,,regulatorio@drconsulta.com,,,,,https://www.google.com/maps/search/?api=1&query=Dr+Consulta+Centro+Medico+DR+CONSULTA+CENTRO+MEDICO+LTDA%2C+295%2C+VILA+ENDRES%2C+GUARULHOS%2C+SP+Guarulhos+SP,,,sem informação,50,Prioridade Média,Fonte CNES/DATASUS: https://cnes2.datasus.gov.br/Mod_Basico.asp?VCo_Unidade=3518809699104; CNES 9699104; CNPJ 14245016005138; site oficial/redes não coletados nesta fonte,Dr Consulta Centro Medico
Excelencia Medicina Diagnostica Ltda,Saúde,Clínica,Guarulhos,Vila Moreira,"Excelencia Medicina Diagnostica Ltda Cnpj 43964621000106, 93, Vila Moreira, Guarulhos, Sp",,,,,,,,https://www.google.com/maps/search/?api=1&query=Excelencia+Medicina+Diagnostica+Ltda+EXCELENCIA+MEDICINA+DIAGNOSTICA+LTDA+CNPJ+43964621000106%2C+93%2C+VILA+MOREIRA%2C+GUARULHOS%2C+SP+Guarulhos+SP,,,sem informação,30,Prioridade Baixa,Fonte CNES/DATASUS: https://cnes2.datasus.gov.br/Mod_Basico.asp?VCo_Unidade=3518801075985; CNES 1075985; CNPJ -; site oficial/redes não coletados nesta fonte,Excelencia Medicina Diagnostica Ltda
Hemocentro Sao Lucas,Saúde,Clínica,Guarulhos,Centro,"Sao Lucas Hemoterapia E Hematologia Ss Ltda, 100, Centro, Guarulhos, Sp",(11) 3660-6000,,flavia.oliveira@hemocentrosaolucas.com.br,,,,,https://www.google.com/maps/search/?api=1&query=Hemocentro+Sao+Lucas+SAO+LUCAS+HEMOTERAPIA+E+HEMATOLOGIA+SS+LTDA%2C+100%2C+CENTRO%2C+GUARULHOS%2C+SP+Guarulhos+SP,,,sem informação,50,Prioridade Média,Fonte CNES/DATASUS: https://cnes2.datasus.gov.br/Mod_Basico.asp?VCo_Unidade=3518802718022; CNES 2718022; CNPJ 00092633002463; site oficial/redes não coletados nesta fonte,Hemocentro Sao Lucas
Hemocentro Sao Lucas,Saúde,Clínica,Guarulhos,Vila Sao Jorge,"Sao Lucas Hemoterapia E Hematologia Ss Ltda, 566, Vila Sao Jorge, Guarulhos, Sp",36606000,,flavia.oliveira@hemocentrosaolucas.com.br,,,,,https://www.google.com/maps/search/?api=1&query=Hemocentro+Sao+Lucas+SAO+LUCAS+HEMOTERAPIA+E+HEMATOLOGIA+SS+LTDA%2C+566%2C+VILA+SAO+JORGE%2C+GUARULHOS%2C+SP+Guarulhos+SP,,,sem informação,50,Prioridade Média,Fonte CNES/DATASUS: https://cnes2.datasus.gov.br/Mod_Basico.asp?VCo_Unidade=3518805561116; CNES 5561116; CNPJ 00092633003516; site oficial/redes não coletados nesta fonte,Hemocentro Sao Lucas
Hemocentro Sao Lucas,Saúde,Clínica,Guarulhos,Macedo,"Sao Lucas Hemoterapia E Hematologia Ss Ltda, 654, Macedo, Guarulhos, Sp",(11) 3660-6000,,flavia.oliveira@hemocentrosaolucas.com.br,,,,,https://www.google.com/maps/search/?api=1&query=Hemocentro+Sao+Lucas+SAO+LUCAS+HEMOTERAPIA+E+HEMATOLOGIA+SS+LTDA%2C+654%2C+MACEDO%2C+GUARULHOS%2C+SP+Guarulhos+SP,,,sem informação,50,Prioridade Média,Fonte CNES/DATASUS: https://cnes2.datasus.gov.br/Mod_Basico.asp?VCo_Unidade=3518807422636; CNES 7422636; CNPJ 00092633001068; site oficial/redes não coletados nesta fonte,Hemocentro Sao Lucas
Hospital Carlos Chagas,Saúde,Hospital,Guarulhos,Centro,"Amico Saude Ltda, 100, Centro, Guarulhos, Sp",,,,,,,,https://www.google.com/maps/search/?api=1&query=Hospital+Carlos+Chagas+AMICO+SAUDE+LTDA%2C+100%2C+CENTRO%2C+GUARULHOS%2C+SP+Guarulhos+SP,,,sem informação,35,Prioridade Baixa,Fonte CNES/DATASUS: https://cnes2.datasus.gov.br/Mod_Basico.asp?VCo_Unidade=3518802081628; CNES 2081628; CNPJ 51722957015619; site oficial/redes não coletados nesta fonte,Hospital Carlos Chagas
Hospital Maternidade Jesus Jose E Maria,Saúde,Maternidade,Guarulhos,Parque Renato Maia,"Associacao Beneficente Jesus Jose E Maria, 1337, Parque Renato Maia, Guarulhos, Sp",,,,,,,,https://www.google.com/maps/search/?api=1&query=Hospital+Maternidade+Jesus+Jose+E+Maria+ASSOCIACAO+BENEFICENTE+JESUS+JOSE+E+MARIA%2C+1337%2C+PARQUE+RENATO+MAIA%2C+GUARULHOS%2C+SP+Guarulhos+SP,,,sem informação,35,Prioridade Baixa,Fonte CNES/DATASUS: https://cnes2.datasus.gov.br/Mod_Basico.asp?VCo_Unidade=3518802040069; CNES 2040069; CNPJ 43987668000187; site oficial/redes não coletados nesta fonte,Hospital Maternidade Jesus José e Maria
Hospital Stella Maris,Saúde,Hospital,Guarulhos,Itapegica,"Congregacao Das Filhas De N Senhora Stela Maris, 568, Itapegica, Guarulhos, Sp",,,,,,,,https://www.google.com/maps/search/?api=1&query=Hospital+Stella+Maris+CONGREGACAO+DAS+FILHAS+DE+N+SENHORA+STELA+MARIS%2C+568%2C+ITAPEGICA%2C+GUARULHOS%2C+SP+Guarulhos+SP,,,sem informação,35,Prioridade Baixa,Fonte CNES/DATASUS: https://cnes2.datasus.gov.br/Mod_Basico.asp?VCo_Unidade=3518802078155; CNES 2078155; CNPJ 49052533000106; site oficial/redes não coletados nesta fonte,Hospital Stella Maris
Kato Odontologia,Saúde,Clínica,Guarulhos,Vila Galvao,"Requinte Odontologia Ss Ltda, 299, Vila Galvao, Guarulhos, Sp",,,,,,,,https://www.google.com/maps/search/?api=1&query=Kato+Odontologia+REQUINTE+ODONTOLOGIA+SS+LTDA%2C+299%2C+VILA+GALVAO%2C+GUARULHOS%2C+SP+Guarulhos+SP,,,sem informação,30,Prioridade Baixa,Fonte CNES/DATASUS: https://cnes2.datasus.gov.br/Mod_Basico.asp?VCo_Unidade=3518806711170; CNES 6711170; CNPJ 11313672000173; site oficial/redes não coletados nesta fonte,Kato Odontologia
Laboratorio Deliberato,Saúde,Clínica,Guarulhos,Centro,"Laboratorio Deliberato De Analises Clinicas Ltda, 267, Centro, Guarulhos, Sp",(11) 2229-5093,,sup_guarulhos@deliberato.com.br,,,,,https://www.google.com/maps/search/?api=1&query=Laboratorio+Deliberato+LABORATORIO+DELIBERATO+DE+ANALISES+CLINICAS+LTDA%2C+267%2C+CENTRO%2C+GUARULHOS%2C+SP+Guarulhos+SP,,,sem informação,50,Prioridade Média,Fonte CNES/DATASUS: https://cnes2.datasus.gov.br/Mod_Basico.asp?VCo_Unidade=3518806910262; CNES 6910262; CNPJ 51363620000983; site oficial/redes não coletados nesta fonte,Laboratorio Deliberato
Mais Fisio,Saúde,Clínica,Guarulhos,Vila Progresso,"Amor Fisio Fisioterapia E Acupuntura Ltda, 82, Vila Progresso, Guarulhos, Sp",(11) 2431-0586,,contato@contabilcarlosrocha.com.br,,,,,https://www.google.com/maps/search/?api=1&query=Mais+Fisio+AMOR+FISIO+FISIOTERAPIA+E+ACUPUNTURA+LTDA%2C+82%2C+VILA+PROGRESSO%2C+GUARULHOS%2C+SP+Guarulhos+SP,,,sem informação,50,Prioridade Média,Fonte CNES/DATASUS: https://cnes2.datasus.gov.br/Mod_Basico.asp?VCo_Unidade=3518800533742; CNES 0533742; CNPJ 35178470000205; site oficial/redes não coletados nesta fonte,Mais Fisio
Mais Fisio,Saúde,Clínica,Guarulhos,Parque Das Nacoes,"Amor Fisio Fisioterapia E Acupuntura Ltda, 56, Parque Das Nacoes, Guarulhos, Sp",,,,,,,,https://www.google.com/maps/search/?api=1&query=Mais+Fisio+AMOR+FISIO+FISIOTERAPIA+E+ACUPUNTURA+LTDA%2C+56%2C+PARQUE+DAS+NACOES%2C+GUARULHOS%2C+SP+Guarulhos+SP,,,sem informação,30,Prioridade Baixa,Fonte CNES/DATASUS: https://cnes2.datasus.gov.br/Mod_Basico.asp?VCo_Unidade=3518809980938; CNES 9980938; CNPJ 35178470000124; site oficial/redes não coletados nesta fonte,Mais Fisio
Med Tour Saude,Saúde,Clínica,Guarulhos,Vila Lanzara,"Med Tour Administradora De Beneficios E Empreendimentos Ltda, 83, Vila Lanzara, Guarulhos, Sp",,,,,,,,https://www.google.com/maps/search/?api=1&query=Med+Tour+Saude+MED+TOUR+ADMINISTRADORA+DE+BENEFICIOS+E+EMPREENDIMENTOS+LTDA%2C+83%2C+VILA+LANZARA%2C+GUARULHOS%2C+SP+Guarulhos+SP,,,sem informação,30,Prioridade Baixa,Fonte CNES/DATASUS: https://cnes2.datasus.gov.br/Mod_Basico.asp?VCo_Unidade=3518804318188; CNES 4318188; CNPJ 00453863000114; site oficial/redes não coletados nesta fonte,Med Tour Saude
Hni Consultorio De Odontologia,Saúde,Clínica,Guarulhos,Cidade Soimco,"Hni Consultorio De Odontologia Ltda, 489, Cidade Soimco, Guarulhos, Sp",,,,,,,,https://www.google.com/maps/search/?api=1&query=Hni+Consultorio+De+Odontologia+HNI+CONSULTORIO+DE+ODONTOLOGIA+LTDA%2C+489%2C+CIDADE+SOIMCO%2C+GUARULHOS%2C+SP+Guarulhos+SP,,,sem informação,30,Prioridade Baixa,Fonte CNES/DATASUS: https://cnes2.datasus.gov.br/Mod_Basico.asp?VCo_Unidade=3518804795636; CNES 4795636; CNPJ 46692619000296; site oficial/redes não coletados nesta fonte,Hni Consultorio De Odontologia
Odontoclinic,Saúde,Clínica,Guarulhos,Vila Florida,"Rmg Clinica De Servicos Odontologicos Ltda Epp, 277, Vila Florida, Guarulhos, Sp",(11) 2405-4355,,odontologia.mori@ig.com.br,,,,,https://www.google.com/maps/search/?api=1&query=Odontoclinic+RMG+CLINICA+DE+SERVICOS+ODONTOLOGICOS+LTDA+EPP%2C+277%2C+VILA+FLORIDA%2C+GUARULHOS%2C+SP+Guarulhos+SP,,,sem informação,50,Prioridade Média,Fonte CNES/DATASUS: https://cnes2.datasus.gov.br/Mod_Basico.asp?VCo_Unidade=3518807422679; CNES 7422679; CNPJ 16103628000152; site oficial/redes não coletados nesta fonte,Odontoclinic
Oftalmomed Clinica De Olhos,Saúde,Clínica,Guarulhos,Centro,"Oftalmomed Clinica De Olhos Ltda Epp, 155, Centro, Guarulhos, Sp",(11) 2441-1929,,oftalmomed@terra.com.br,,,,,https://www.google.com/maps/search/?api=1&query=Oftalmomed+Clinica+De+Olhos+OFTALMOMED+CLINICA+DE+OLHOS+LTDA+EPP%2C+155%2C+CENTRO%2C+GUARULHOS%2C+SP+Guarulhos+SP,,,sem informação,50,Prioridade Média,Fonte CNES/DATASUS: https://cnes2.datasus.gov.br/Mod_Basico.asp?VCo_Unidade=3518806828183; CNES 6828183; CNPJ 53282893001224; site oficial/redes não coletados nesta fonte,Oftalmomed Clinica De Olhos
Ortholife Sorrisodonto,Saúde,Clínica,Guarulhos,Vila Carmela I,"Clinica Odontologica Costa E Souza Ltda Me, 441, Vila Carmela I, Guarulhos, Sp",(11) 2439-8312,,,,,,,https://www.google.com/maps/search/?api=1&query=Ortholife+Sorrisodonto+CLINICA+ODONTOLOGICA+COSTA+E+SOUZA+LTDA+ME%2C+441%2C+VILA+CARMELA+I%2C+GUARULHOS%2C+SP+Guarulhos+SP,,,sem informação,45,Prioridade Baixa,Fonte CNES/DATASUS: https://cnes2.datasus.gov.br/Mod_Basico.asp?VCo_Unidade=3518809332138; CNES 9332138; CNPJ 26552981000173; site oficial/redes não coletados nesta fonte,Ortholife Sorrisodonto
Ortholife Sorrisodonto,Saúde,Clínica,Guarulhos,Cidade Parque Alvora,"Clinica Odontologica Sorrisodonto Ltda, 1808, Cidade Parque Alvora, Guarulhos, Sp",,,,,,,,https://www.google.com/maps/search/?api=1&query=Ortholife+Sorrisodonto+CLINICA+ODONTOLOGICA+SORRISODONTO+LTDA%2C+1808%2C+CIDADE+PARQUE+ALVORA%2C+GUARULHOS%2C+SP+Guarulhos+SP,,,sem informação,30,Prioridade Baixa,Fonte CNES/DATASUS: https://cnes2.datasus.gov.br/Mod_Basico.asp?VCo_Unidade=3518800652385; CNES 0652385; CNPJ 36546975000167; site oficial/redes não coletados nesta fonte,Ortholife Sorrisodonto
Sanitas Centro De Diagnostico,Saúde,Clínica,Guarulhos,Jardim Albertina,"Laboratorio De Analises Clinicas Sanitas Ltda, 4330, Jardim Albertina, Guarulhos, Sp",(11) 2472-5122,,financeiro@laboratoriosanitas.com.br,,,,,https://www.google.com/maps/search/?api=1&query=Sanitas+Centro+De+Diagnostico+LABORATORIO+DE+ANALISES+CLINICAS+SANITAS+LTDA%2C+4330%2C+JARDIM+ALBERTINA%2C+GUARULHOS%2C+SP+Guarulhos+SP,,,sem informação,50,Prioridade Média,Fonte CNES/DATASUS: https://cnes2.datasus.gov.br/Mod_Basico.asp?VCo_Unidade=3518804596374; CNES 4596374; CNPJ 49093024000989; site oficial/redes não coletados nesta fonte,Sanitas Centro De Diagnostico
Sanitas Centro De Diagnostico,Saúde,Clínica,Guarulhos,Jardim Sao Paulo,"Laboratorio De Analises Clinicas Sanitas Eireli, 596, Jardim Sao Paulo, Guarulhos, Sp",(11) 2472-5127,,qualidade@laboratoriosanitas.com.br,,,,,https://www.google.com/maps/search/?api=1&query=Sanitas+Centro+De+Diagnostico+LABORATORIO+DE+ANALISES+CLINICAS+SANITAS+EIRELI%2C+596%2C+JARDIM+SAO+PAULO%2C+GUARULHOS%2C+SP+Guarulhos+SP,,,sem informação,50,Prioridade Média,Fonte CNES/DATASUS: https://cnes2.datasus.gov.br/Mod_Basico.asp?VCo_Unidade=3518802718464; CNES 2718464; CNPJ 49093024000121; site oficial/redes não coletados nesta fonte,Sanitas Centro De Diagnostico
Sanitas Centro De Diagnostico,Saúde,Clínica,Guarulhos,Vila Lanzara,"Laboratorio De Analises Clinicas Sanitas Eireli, 83, Vila Lanzara, Guarulhos, Sp",(11) 2472-5148,,sac@latoratoriosanitas.com.br,,,,,https://www.google.com/maps/search/?api=1&query=Sanitas+Centro+De+Diagnostico+LABORATORIO+DE+ANALISES+CLINICAS+SANITAS+EIRELI%2C+83%2C+VILA+LANZARA%2C+GUARULHOS%2C+SP+Guarulhos+SP,,,sem informação,50,Prioridade Média,Fonte CNES/DATASUS: https://cnes2.datasus.gov.br/Mod_Basico.asp?VCo_Unidade=3518807896034; CNES 7896034; CNPJ 49093024000555; site oficial/redes não coletados nesta fonte,Sanitas Centro De Diagnostico
Sanitas Centro De Diagnostico,Saúde,Clínica,Guarulhos,Vila Zaira,"Laboratorio De Analises Clinicas Sanitas Eireli, 339, Vila Zaira, Guarulhos, Sp",(11) 2472-5148,,sac@laboratoriosanitas.com.br,,,,,https://www.google.com/maps/search/?api=1&query=Sanitas+Centro+De+Diagnostico+LABORATORIO+DE+ANALISES+CLINICAS+SANITAS+EIRELI%2C+339%2C+VILA+ZAIRA%2C+GUARULHOS%2C+SP+Guarulhos+SP,,,sem informação,50,Prioridade Média,Fonte CNES/DATASUS: https://cnes2.datasus.gov.br/Mod_Basico.asp?VCo_Unidade=3518807006101; CNES 7006101; CNPJ 49093024000202; site oficial/redes não coletados nesta fonte,Sanitas Centro De Diagnostico
Sanitas Centro De Diagnostico,Saúde,Clínica,Guarulhos,Jardim Zaira,"Laboratorio De Analises Clinicas Sanitas Eireli, 25, Jardim Zaira, Guarulhos, Sp",(11) 2472-5148,,qualidade@laboratoriosnaitas.com.br,,,,,https://www.google.com/maps/search/?api=1&query=Sanitas+Centro+De+Diagnostico+LABORATORIO+DE+ANALISES+CLINICAS+SANITAS+EIRELI%2C+25%2C+JARDIM+ZAIRA%2C+GUARULHOS%2C+SP+Guarulhos+SP,,,sem informação,50,Prioridade Média,Fonte CNES/DATASUS: https://cnes2.datasus.gov.br/Mod_Basico.asp?VCo_Unidade=3518802884976; CNES 2884976; CNPJ 49093024000717; site oficial/redes não coletados nesta fonte,Sanitas Centro De Diagnostico
Unico Clinica Medica E Multidisciplinar Integrada,Saúde,Clínica,Guarulhos,Jardim Zaira,"Unico Clinica Medica E Multidisciplinar Integrada Ltda, 59, Jardim Zaira, Guarulhos, Sp",(11) 3473-0280,,recepcao@unicomedicina.com,,,,,https://www.google.com/maps/search/?api=1&query=Unico+Clinica+Medica+E+Multidisciplinar+Integrada+UNICO+CLINICA+MEDICA+E+MULTIDISCIPLINAR+INTEGRADA+LTDA%2C+59%2C+JARDIM+ZAIRA%2C+GUARULHOS%2C+SP+Guarulhos+SP,,,sem informação,50,Prioridade Média,Fonte CNES/DATASUS: https://cnes2.datasus.gov.br/Mod_Basico.asp?VCo_Unidade=3518805956382; CNES 5956382; CNPJ 48365115000963; site oficial/redes não coletados nesta fonte,Unico Clinica Medica E Multidisciplinar Integrada
Unico Clinica Medica E Multidisciplinar Integrada,Saúde,Clínica,Guarulhos,Cidade Maia,"Unico Clinica Medica E Multidisciplinar Integrada Ltda, 636, Cidade Maia, Guarulhos, Sp",(11) 3473-0280,,recepcao@unicomedicina.com,,,,,https://www.google.com/maps/search/?api=1&query=Unico+Clinica+Medica+E+Multidisciplinar+Integrada+UNICO+CLINICA+MEDICA+E+MULTIDISCIPLINAR+INTEGRADA+LTDA%2C+636%2C+CIDADE+MAIA%2C+GUARULHOS%2C+SP+Guarulhos+SP,,,sem informação,50,Prioridade Média,Fonte CNES/DATASUS: https://cnes2.datasus.gov.br/Mod_Basico.asp?VCo_Unidade=3518805956374; CNES 5956374; CNPJ 48365115001188; site oficial/redes não coletados nesta fonte,Unico Clinica Medica E Multidisciplinar Integrada
Unico Clinica Medica E Multidisciplinar Integrada,Saúde,Clínica,Guarulhos,Centro,"Unico Clinica Medica E Multidisciplinar Integrada Ltda, 188, Centro, Guarulhos, Sp",,,,,,,,https://www.google.com/maps/search/?api=1&query=Unico+Clinica+Medica+E+Multidisciplinar+Integrada+UNICO+CLINICA+MEDICA+E+MULTIDISCIPLINAR+INTEGRADA+LTDA%2C+188%2C+CENTRO%2C+GUARULHOS%2C+SP+Guarulhos+SP,,,sem informação,30,Prioridade Baixa,Fonte CNES/DATASUS: https://cnes2.datasus.gov.br/Mod_Basico.asp?VCo_Unidade=3518804852109; CNES 4852109; CNPJ 48365115000530; site oficial/redes não coletados nesta fonte,Unico Clinica Medica E Multidisciplinar Integrada
Plenna Vacinas E Diagnosticos Ltda,Saúde,Clínica,Guarulhos,Centro,"Plenna Vacinas E Diagnosticos Ltda, 159, Centro, Guarulhos, Sp",(11) 3631-7299,,biomedica@plennalab.com.br,,,,,https://www.google.com/maps/search/?api=1&query=Plenna+Vacinas+E+Diagnosticos+Ltda+PLENNA+VACINAS+E+DIAGNOSTICOS+LTDA%2C+159%2C+CENTRO%2C+GUARULHOS%2C+SP+Guarulhos+SP,,,sem informação,50,Prioridade Média,Fonte CNES/DATASUS: https://cnes2.datasus.gov.br/Mod_Basico.asp?VCo_Unidade=3518802899868; CNES 2899868; CNPJ 41143259000250; site oficial/redes não coletados nesta fonte,Plenna Vacinas E Diagnosticos Ltda
Wdellos Odontologia,Saúde,Clínica,Guarulhos,Jardim Presidente Du,"Dellos Odontologia Ltda, 3680, Jardim Presidente Du, Guarulhos, Sp",,,,,,,,https://www.google.com/maps/search/?api=1&query=Wdellos+Odontologia+DELLOS+ODONTOLOGIA+LTDA%2C+3680%2C+JARDIM+PRESIDENTE+DU%2C+GUARULHOS%2C+SP+Guarulhos+SP,,,sem informação,30,Prioridade Baixa,Fonte CNES/DATASUS: https://cnes2.datasus.gov.br/Mod_Basico.asp?VCo_Unidade=3518800499749; CNES 0499749; CNPJ 08042306000201; site oficial/redes não coletados nesta fonte,Wdellos Odontologia
Wdellos Odontologia,Saúde,Clínica,Guarulhos,Cumbica,"Dellos Odontologia Ltda, 310, Cumbica, Guarulhos, Sp",,,,,,,,https://www.google.com/maps/search/?api=1&query=Wdellos+Odontologia+DELLOS+ODONTOLOGIA+LTDA%2C+310%2C+CUMBICA%2C+GUARULHOS%2C+SP+Guarulhos+SP,,,sem informação,30,Prioridade Baixa,Fonte CNES/DATASUS: https://cnes2.datasus.gov.br/Mod_Basico.asp?VCo_Unidade=3518800462500; CNES 0462500; CNPJ 08042306000546; site oficial/redes não coletados nesta fonte,Wdellos Odontologia
Wdellos Odontologia,Saúde,Clínica,Guarulhos,Jardim Kawamoto,"Dellos Odontologia Ltda, 32, Jardim Kawamoto, Guarulhos, Sp",,,,,,,,https://www.google.com/maps/search/?api=1&query=Wdellos+Odontologia+DELLOS+ODONTOLOGIA+LTDA%2C+32%2C+JARDIM+KAWAMOTO%2C+GUARULHOS%2C+SP+Guarulhos+SP,,,sem informação,30,Prioridade Baixa,Fonte CNES/DATASUS: https://cnes2.datasus.gov.br/Mod_Basico.asp?VCo_Unidade=3518809948309; CNES 9948309; CNPJ 08042306000112; site oficial/redes não coletados nesta fonte,Wdellos Odontologia
X Odontologia,Saúde,Clínica,Guarulhos,Vila Pedro Moreira,"X Odontologia Eireli, 51, Vila Pedro Moreira, Guarulhos, Sp",,,,,,,,https://www.google.com/maps/search/?api=1&query=X+Odontologia+X+ODONTOLOGIA+EIRELI%2C+51%2C+VILA+PEDRO+MOREIRA%2C+GUARULHOS%2C+SP+Guarulhos+SP,,,sem informação,30,Prioridade Baixa,Fonte CNES/DATASUS: https://cnes2.datasus.gov.br/Mod_Basico.asp?VCo_Unidade=3518800450197; CNES 0450197; CNPJ 22883174000263; site oficial/redes não coletados nesta fonte,X Odontologia
Centro Medico Sao Lucas,Saúde,Clínica,Itaquaquecetuba,Vila Maria Augusta,"Sistema De Saude Integrado Sao Lucas, 50, Vila Maria Augusta, Itaquaquecetuba, Sp",(11) 4652-4343,,nilton@maternalbabycare.com.br,,,,,https://www.google.com/maps/search/?api=1&query=Centro+Medico+Sao+Lucas+SISTEMA+DE+SAUDE+INTEGRADO+SAO+LUCAS%2C+50%2C+VILA+MARIA+AUGUSTA%2C+ITAQUAQUECETUBA%2C+SP+Itaquaquecetuba+SP,,,sem informação,50,Prioridade Média,Fonte CNES/DATASUS: https://cnes2.datasus.gov.br/Mod_Basico.asp?VCo_Unidade=3523107651805; CNES 7651805; CNPJ 01537809000209; site oficial/redes não coletados nesta fonte,Centro Médico São Lucas
Sanitas Centro De Diagnostico,Saúde,Clínica,Guarulhos,Centro,"Laboratorio De Analises Clinicas Sanitas Eireli, 585, Centro, Guarulhos, Sp",(11) 2472-5129,,qualidade@laboratoriosanitas.com.br,,,,,https://www.google.com/maps/search/?api=1&query=Sanitas+Centro+De+Diagnostico+LABORATORIO+DE+ANALISES+CLINICAS+SANITAS+EIRELI%2C+585%2C+CENTRO%2C+GUARULHOS%2C+SP+Guarulhos+SP,,,sem informação,50,Prioridade Média,Fonte CNES/DATASUS: https://cnes2.datasus.gov.br/Mod_Basico.asp?VCo_Unidade=3518807902409; CNES 7902409; CNPJ 49093024000393; site oficial/redes não coletados nesta fonte,Sanitas Centro De Diagnostico
Diagnosticos Da America S A,Saúde,Clínica,Itaquaquecetuba,Vila Virginia,"Diagnosticos Da America S A, 266, Vila Virginia, Itaquaquecetuba, Sp",(11) 4197-5755,,prolegalize@prolegalize.com.br,,,,,https://www.google.com/maps/search/?api=1&query=Diagnosticos+Da+America+S+A+DIAGNOSTICOS+DA+AMERICA+S+A%2C+266%2C+VILA+VIRGINIA%2C+ITAQUAQUECETUBA%2C+SP+Itaquaquecetuba+SP,,,sem informação,50,Prioridade Média,Fonte CNES/DATASUS: https://cnes2.datasus.gov.br/Mod_Basico.asp?VCo_Unidade=3523109944273; CNES 9944273; CNPJ 61486650062618; site oficial/redes não coletados nesta fonte,Diagnosticos Da America S A
Hospital Geral De Itaquaquecetuba,Saúde,Hospital,Itaquaquecetuba,Jardim Nova Itaqua,"Secretaria De Estado Da Saude De Sao Paulo, 48, Jardim Nova Itaqua, Itaquaquecetuba, Sp",,,,,,,,https://www.google.com/maps/search/?api=1&query=Hospital+Geral+De+Itaquaquecetuba+SECRETARIA+DE+ESTADO+DA+SAUDE+DE+SAO+PAULO%2C+48%2C+JARDIM+NOVA+ITAQUA%2C+ITAQUAQUECETUBA%2C+SP+Itaquaquecetuba+SP,,,sem informação,35,Prioridade Baixa,Fonte CNES/DATASUS: https://cnes2.datasus.gov.br/Mod_Basico.asp?VCo_Unidade=3523102078562; CNES 2078562; CNPJ 46374500013504; site oficial/redes não coletados nesta fonte,Hospital Geral de Itaquaquecetuba
Unico Clinica Medica E Multidisciplinar Integrada,Saúde,Clínica,Guarulhos,Centro,"Unico Clinica Medica E Multidisciplinar Integrada Ltda, 540, Centro, Guarulhos, Sp",(11) 3473-0280,,recepcao@unicomedicina.com,,,,,https://www.google.com/maps/search/?api=1&query=Unico+Clinica+Medica+E+Multidisciplinar+Integrada+UNICO+CLINICA+MEDICA+E+MULTIDISCIPLINAR+INTEGRADA+LTDA%2C+540%2C+CENTRO%2C+GUARULHOS%2C+SP+Guarulhos+SP,,,sem informação,50,Prioridade Média,Fonte CNES/DATASUS: https://cnes2.datasus.gov.br/Mod_Basico.asp?VCo_Unidade=3518804027280; CNES 4027280; CNPJ 48365115000106; site oficial/redes não coletados nesta fonte,Unico Clinica Medica E Multidisciplinar Integrada
Centro Odontologico Suzano,Saúde,Clínica,Suzano,Centro,"Centro Odontologico Suzano Ltda, 102, Centro, Suzano, Sp",02549907000130,,,,,,,https://www.google.com/maps/search/?api=1&query=Centro+Odontologico+Suzano+CENTRO+ODONTOLOGICO+SUZANO+LTDA%2C+102%2C+CENTRO%2C+SUZANO%2C+SP+Suzano+SP,,,sem informação,45,Prioridade Baixa,Fonte CNES/DATASUS: https://cnes2.datasus.gov.br/Mod_Basico.asp?VCo_Unidade=3552503694941; CNES 3694941; CNPJ 02549907000130; site oficial/redes não coletados nesta fonte,Centro Odontologico Suzano
Climef Clinica De Especialidades,Saúde,Clínica,Suzano,Parque Suzano,"Climef Clinica De Especialidades Ltda Me, 37, Parque Suzano, Suzano, Sp",(11) 4759-3662,,,,,,,https://www.google.com/maps/search/?api=1&query=Climef+Clinica+De+Especialidades+CLIMEF+CLINICA+DE+ESPECIALIDADES+LTDA+ME%2C+37%2C+PARQUE+SUZANO%2C+SUZANO%2C+SP+Suzano+SP,,,sem informação,45,Prioridade Baixa,Fonte CNES/DATASUS: https://cnes2.datasus.gov.br/Mod_Basico.asp?VCo_Unidade=3552507910444; CNES 7910444; CNPJ 08731107000200; site oficial/redes não coletados nesta fonte,Climef Clinica De Especialidades
Clinica Santa Catarina,Saúde,Clínica,Suzano,Jardim Santa Helena,"Clinica Santa Catarina Ltda, 50, Jardim Santa Helena, Suzano, Sp",(01) 14741-1509,,clinica.stacatarina@terra.com.br,,,,,https://www.google.com/maps/search/?api=1&query=Clinica+Santa+Catarina+CLINICA+SANTA+CATARINA+LTDA%2C+50%2C+JARDIM+SANTA+HELENA%2C+SUZANO%2C+SP+Suzano+SP,,,sem informação,50,Prioridade Média,Fonte CNES/DATASUS: https://cnes2.datasus.gov.br/Mod_Basico.asp?VCo_Unidade=3552505546575; CNES 5546575; CNPJ 07430871000194; site oficial/redes não coletados nesta fonte,Clínica Santa Catarina
Hospital Santa Maria De Suzano,Saúde,Hospital,Suzano,Parque Suzano,"Hospital Santa Maria De Suzano S A, 240, Parque Suzano, Suzano, Sp",,,,,,,,https://www.google.com/maps/search/?api=1&query=Hospital+Santa+Maria+De+Suzano+HOSPITAL+SANTA+MARIA+DE+SUZANO+S+A%2C+240%2C+PARQUE+SUZANO%2C+SUZANO%2C+SP+Suzano+SP,,,sem informação,35,Prioridade Baixa,Fonte CNES/DATASUS: https://cnes2.datasus.gov.br/Mod_Basico.asp?VCo_Unidade=3552507849184; CNES 7849184; CNPJ 23122790000183; site oficial/redes não coletados nesta fonte,Hospital Santa Maria de Suzano
Pronto Atendimento Antonio Tanoeiro,Saúde,Pronto Atendimento / UPA,Suzano,Palmeiras,"Prefeitura Municipal De Suzano, 319, Palmeiras, Suzano, Sp",(11) 4742-6567,,prontoatenpal@hotmail.com,,,,,https://www.google.com/maps/search/?api=1&query=Pronto+Atendimento+Antonio+Tanoeiro+PREFEITURA+MUNICIPAL+DE+SUZANO%2C+319%2C+PALMEIRAS%2C+SUZANO%2C+SP+Suzano+SP,,,sem informação,50,Prioridade Média,Fonte CNES/DATASUS: https://cnes2.datasus.gov.br/Mod_Basico.asp?VCo_Unidade=3552502034670; CNES 2034670; CNPJ -; site oficial/redes não coletados nesta fonte,Pronto Atendimento Antônio Tanoeiro
Pronto Odonto,Saúde,Pronto Atendimento / UPA,Suzano,Parque Suzano,"Pronto Socorro Odontologico Aba Ltda, 510, Parque Suzano, Suzano, Sp",,,,,,,,https://www.google.com/maps/search/?api=1&query=Pronto+Odonto+PRONTO+SOCORRO+ODONTOLOGICO+ABA+LTDA%2C+510%2C+PARQUE+SUZANO%2C+SUZANO%2C+SP+Suzano+SP,,,sem informação,30,Prioridade Baixa,Fonte CNES/DATASUS: https://cnes2.datasus.gov.br/Mod_Basico.asp?VCo_Unidade=3552504670809; CNES 4670809; CNPJ 54116526000160; site oficial/redes não coletados nesta fonte,Pronto Odonto
Laboratorio Deliberato,Saúde,Clínica,Arujá,Vila Flora Regina,"Diagnosticos Da America S A, 59, Vila Flora Regina, Aruja, Sp",(11) 2630-3000,,tributario@dasa.com.br,,,,,https://www.google.com/maps/search/?api=1&query=Laboratorio+Deliberato+DIAGNOSTICOS+DA+AMERICA+S+A%2C+59%2C+VILA+FLORA+REGINA%2C+ARUJA%2C+SP+Aruj%C3%A1+SP,,,sem informação,50,Prioridade Média,Fonte CNES/DATASUS: https://cnes2.datasus.gov.br/Mod_Basico.asp?VCo_Unidade=3503908068305; CNES 8068305; CNPJ 61486650136751; site oficial/redes não coletados nesta fonte,Laboratorio Deliberato
