n;palavra_chave;segmento;pilar_pai;intencao;title_seo;title_len;h1;slug;canonical;acao;dor_cliente;cta_whatsapp;kw_secundarias
1;tablet robusto;Geral (hub);tablet-robusto-active5;Comercial (pesquisa de produto);Tablet robusto | Galaxy Tab Active5 | MGD;41;Tablet robusto: Samsung Galaxy Tab Active5;tablet-robusto;/tablet-robusto/;CRIAR LP (canonical próprio);Tablet comum quebra, molha e não aguenta rotina de trabalho pesado.;Olá, vim pelo site MGD e gostaria de orçamento de Tablet robusto Samsung Galaxy Tab Active5 para robusto.;
2;tablet robusto samsung;Geral (hub);tablet-robusto-active5;Comercial (pesquisa de produto);Tablet robusto samsung | Galaxy Tab Active5 | MGD;49;Tablet robusto samsung: Samsung Galaxy Tab Active5;tablet-robusto-samsung;/tablet-robusto-samsung/;CRIAR LP (canonical próprio);Tablet comum quebra, molha e não aguenta rotina de trabalho pesado.;Olá, vim pelo site MGD e gostaria de orçamento de Tablet robusto Samsung Galaxy Tab Active5 para robusto samsung.;
3;tablet samsung robusto;Geral (hub);tablet-robusto-active5;Comercial (pesquisa de produto);Tablet samsung robusto | Galaxy Tab Active5 | MGD;49;Tablet samsung robusto: Samsung Galaxy Tab Active5;tablet-samsung-robusto;/tablet-samsung-robusto/;CRIAR LP (canonical próprio);Tablet comum quebra, molha e não aguenta rotina de trabalho pesado.;Olá, vim pelo site MGD e gostaria de orçamento de Tablet robusto Samsung Galaxy Tab Active5 para samsung robusto.;
4;tablet industrial;Geral (hub);tablet-robusto-active5;Comercial (pesquisa de produto);Tablet industrial | Galaxy Tab Active5 | MGD;44;Tablet industrial: Samsung Galaxy Tab Active5;tablet-industrial;/tablet-industrial/;CRIAR LP (canonical próprio);Tablet comum quebra, molha e não aguenta rotina de trabalho pesado.;Olá, vim pelo site MGD e gostaria de orçamento de Tablet robusto Samsung Galaxy Tab Active5 para industrial.;
5;tablet industrial samsung;Geral (hub);tablet-robusto-active5;Comercial (pesquisa de produto);Tablet industrial samsung | Galaxy Tab Active5 | MGD;52;Tablet industrial samsung: Samsung Galaxy Tab Active5;tablet-industrial-samsung;/tablet-industrial-samsung/;CRIAR LP (canonical próprio);Tablet comum quebra, molha e não aguenta rotina de trabalho pesado.;Olá, vim pelo site MGD e gostaria de orçamento de Tablet robusto Samsung Galaxy Tab Active5 para industrial samsung.;
6;tablet profissional;Geral (hub);tablet-robusto-active5;Comercial (pesquisa de produto);Tablet profissional | Galaxy Tab Active5 | MGD;46;Tablet profissional: Samsung Galaxy Tab Active5;tablet-profissional;/tablet-profissional/;CRIAR LP (canonical próprio);Tablet comum quebra, molha e não aguenta rotina de trabalho pesado.;Olá, vim pelo site MGD e gostaria de orçamento de Tablet robusto Samsung Galaxy Tab Active5 para profissional.;
7;tablet profissional para trabalho;Geral (hub);tablet-robusto-active5;Comercial (pesquisa de produto);Tablet profissional para trabalho | Galaxy Tab Active5 | MGD;60;Tablet profissional para trabalho: Samsung Galaxy Tab Active5;tablet-profissional-para-trabalho;/tablet-samsung-para-trabalho/;CONSOLIDAR na página tablet samsung para trabalho;Tablet comum quebra, molha e não aguenta rotina de trabalho pesado.;Olá, vim pelo site MGD e gostaria de orçamento de Tablet robusto Samsung Galaxy Tab Active5 para profissional para trabalho.;
8;tablet para empresa;Geral (hub);tablet-robusto-active5;Comercial (pesquisa de produto);Tablet para empresa | Galaxy Tab Active5 | MGD;46;Tablet para empresa: Samsung Galaxy Tab Active5;tablet-para-empresa;/tablet-para-empresa/;CRIAR LP (canonical próprio);Tablet comum quebra, molha e não aguenta rotina de trabalho pesado.;Olá, vim pelo site MGD e gostaria de orçamento de Tablet robusto Samsung Galaxy Tab Active5 para para empresa.;tablet para empresas | tablet empresarial | tablet samsung para empresa
9;tablet para empresas;Geral (hub);tablet-robusto-active5;Comercial (pesquisa de produto);Tablet para empresas | Galaxy Tab Active5 | MGD;47;Tablet para empresas: Samsung Galaxy Tab Active5;tablet-para-empresas;/tablet-para-empresa/;CONSOLIDAR na página tablet para empresa;Tablet comum quebra, molha e não aguenta rotina de trabalho pesado.;Olá, vim pelo site MGD e gostaria de orçamento de Tablet robusto Samsung Galaxy Tab Active5 para para empresas.;
10;tablet empresarial;Geral (hub);tablet-robusto-active5;Comercial (pesquisa de produto);Tablet empresarial | Galaxy Tab Active5 | MGD;45;Tablet empresarial: Samsung Galaxy Tab Active5;tablet-empresarial;/tablet-para-empresa/;CONSOLIDAR na página tablet para empresa;Tablet comum quebra, molha e não aguenta rotina de trabalho pesado.;Olá, vim pelo site MGD e gostaria de orçamento de Tablet robusto Samsung Galaxy Tab Active5 para empresarial.;
11;tablet corporativo;Geral (hub);tablet-robusto-active5;Comercial (pesquisa de produto);Tablet corporativo | Galaxy Tab Active5 | MGD;45;Tablet corporativo: Samsung Galaxy Tab Active5;tablet-corporativo;/tablet-corporativo/;CRIAR LP (canonical próprio);Tablet comum quebra, molha e não aguenta rotina de trabalho pesado.;Olá, vim pelo site MGD e gostaria de orçamento de Tablet robusto Samsung Galaxy Tab Active5 para corporativo.;
12;tablet samsung para empresa;Geral (hub);tablet-robusto-active5;Comercial (pesquisa de produto);Tablet samsung para empresa | Galaxy Tab Active5 | MGD;54;Tablet samsung para empresa: Samsung Galaxy Tab Active5;tablet-samsung-para-empresa;/tablet-para-empresa/;CONSOLIDAR na página tablet para empresa;Tablet comum quebra, molha e não aguenta rotina de trabalho pesado.;Olá, vim pelo site MGD e gostaria de orçamento de Tablet robusto Samsung Galaxy Tab Active5 para samsung para empresa.;
13;tablet samsung para trabalho;Geral (hub);tablet-robusto-active5;Comercial (pesquisa de produto);Tablet samsung para trabalho | Galaxy Tab Active5 | MGD;55;Tablet samsung para trabalho: Samsung Galaxy Tab Active5;tablet-samsung-para-trabalho;/tablet-samsung-para-trabalho/;CRIAR LP (canonical próprio);Tablet comum quebra, molha e não aguenta rotina de trabalho pesado.;Olá, vim pelo site MGD e gostaria de orçamento de Tablet robusto Samsung Galaxy Tab Active5 para samsung para trabalho.;tablet profissional para trabalho
14;tablet resistente;Geral (hub);tablet-robusto-active5;Comercial (pesquisa de produto);Tablet resistente | Galaxy Tab Active5 | MGD;44;Tablet resistente: Samsung Galaxy Tab Active5;tablet-resistente;/tablet-resistente/;CRIAR LP (canonical próprio);Tablet comum quebra, molha e não aguenta rotina de trabalho pesado.;Olá, vim pelo site MGD e gostaria de orçamento de Tablet robusto Samsung Galaxy Tab Active5 para resistente.;
15;tablet resistente a quedas;Geral (hub);tablet-robusto-active5;Comercial (pesquisa de produto);Tablet resistente a quedas | Galaxy Tab Active5 | MGD;53;Tablet resistente a quedas: Samsung Galaxy Tab Active5;tablet-resistente-a-quedas;/tablet-resistente-a-quedas/;CRIAR LP (canonical próprio);Tablet comum quebra, molha e não aguenta rotina de trabalho pesado.;Olá, vim pelo site MGD e gostaria de orçamento de Tablet robusto Samsung Galaxy Tab Active5 para resistente a quedas.;
16;tablet resistente a água;Geral (hub);tablet-robusto-active5;Comercial (pesquisa de produto);Tablet resistente a água | Galaxy Tab Active5 | MGD;51;Tablet resistente a água: Samsung Galaxy Tab Active5;tablet-resistente-a-agua;/tablet-resistente-a-agua/;CRIAR LP (canonical próprio);Tablet comum quebra, molha e não aguenta rotina de trabalho pesado.;Olá, vim pelo site MGD e gostaria de orçamento de Tablet robusto Samsung Galaxy Tab Active5 para resistente a água.;
17;tablet resistente a poeira;Geral (hub);tablet-robusto-active5;Comercial (pesquisa de produto);Tablet resistente a poeira | Galaxy Tab Active5 | MGD;53;Tablet resistente a poeira: Samsung Galaxy Tab Active5;tablet-resistente-a-poeira;/tablet-resistente-a-poeira/;CRIAR LP (canonical próprio);Tablet comum quebra, molha e não aguenta rotina de trabalho pesado.;Olá, vim pelo site MGD e gostaria de orçamento de Tablet robusto Samsung Galaxy Tab Active5 para resistente a poeira.;
18;tablet IP68;Geral (hub);tablet-robusto-active5;Comercial (pesquisa de produto);Tablet IP68 | Galaxy Tab Active5 | MGD;38;Tablet IP68: Samsung Galaxy Tab Active5;tablet-ip68;/tablet-ip68/;CRIAR LP (canonical próprio);Tablet comum quebra, molha e não aguenta rotina de trabalho pesado.;Olá, vim pelo site MGD e gostaria de orçamento de Tablet robusto Samsung Galaxy Tab Active5 para IP68.;
19;tablet com certificação militar;Geral (hub);tablet-robusto-active5;Comercial (pesquisa de produto);Tablet com certificação militar | Galaxy Tab Active5 | MGD;58;Tablet com certificação militar: Samsung Galaxy Tab Active5;tablet-com-certificacao-militar;/tablet-com-certificacao-militar/;CRIAR LP (canonical próprio);Tablet comum quebra, molha e não aguenta rotina de trabalho pesado.;Olá, vim pelo site MGD e gostaria de orçamento de Tablet robusto Samsung Galaxy Tab Active5 para com certificação militar.;
20;tablet para trabalho pesado;Geral (hub);tablet-robusto-active5;Comercial (pesquisa de produto);Tablet para trabalho pesado | Galaxy Tab Active5 | MGD;54;Tablet para trabalho pesado: Samsung Galaxy Tab Active5;tablet-para-trabalho-pesado;/tablet-para-trabalho-pesado/;CRIAR LP (canonical próprio);Tablet comum quebra, molha e não aguenta rotina de trabalho pesado.;Olá, vim pelo site MGD e gostaria de orçamento de Tablet robusto Samsung Galaxy Tab Active5 para para trabalho pesado.;
21;tablet robusto para prefeitura;Governo;tablet-robusto-active5-governo;Comercial (caso de uso por atividade);Tablet robusto para prefeitura | Galaxy Tab Active5 | MGD;57;Tablet robusto para prefeitura: Samsung Galaxy Tab Active5;tablet-robusto-para-prefeitura;/tablet-para-prefeitura/;CONSOLIDAR na página tablet para prefeitura;Servidor em campo coleta dados, fotos e formulários com equipamento sujeito a queda, chuva e poeira.;Olá, vim pelo site MGD e gostaria de orçamento de Tablet robusto Samsung Galaxy Tab Active5 para robusto para prefeitura.;
22;tablet para prefeitura;Governo;tablet-robusto-active5-governo;Comercial (caso de uso por atividade);Tablet para prefeitura | Galaxy Tab Active5 | MGD;49;Tablet para prefeitura: Samsung Galaxy Tab Active5;tablet-para-prefeitura;/tablet-para-prefeitura/;CRIAR LP (canonical próprio);Servidor em campo coleta dados, fotos e formulários com equipamento sujeito a queda, chuva e poeira.;Olá, vim pelo site MGD e gostaria de orçamento de Tablet robusto Samsung Galaxy Tab Active5 para para prefeitura.;tablet robusto para prefeitura
23;tablet para órgão público;Governo;tablet-robusto-active5-governo;Comercial (caso de uso por atividade);Tablet para órgão público | Galaxy Tab Active5 | MGD;52;Tablet para órgão público: Samsung Galaxy Tab Active5;tablet-para-orgao-publico;/tablet-para-orgao-publico/;CRIAR LP (canonical próprio);Servidor em campo coleta dados, fotos e formulários com equipamento sujeito a queda, chuva e poeira.;Olá, vim pelo site MGD e gostaria de orçamento de Tablet robusto Samsung Galaxy Tab Active5 para para órgão público.;tablet para órgãos públicos
24;tablet para órgãos públicos;Governo;tablet-robusto-active5-governo;Comercial (caso de uso por atividade);Tablet para órgãos públicos | Galaxy Tab Active5 | MGD;54;Tablet para órgãos públicos: Samsung Galaxy Tab Active5;tablet-para-orgaos-publicos;/tablet-para-orgao-publico/;CONSOLIDAR na página tablet para órgão público;Servidor em campo coleta dados, fotos e formulários com equipamento sujeito a queda, chuva e poeira.;Olá, vim pelo site MGD e gostaria de orçamento de Tablet robusto Samsung Galaxy Tab Active5 para para órgãos públicos.;
25;tablet para administração pública;Governo;tablet-robusto-active5-governo;Comercial (caso de uso por atividade);Tablet para administração pública | Galaxy Tab Active5 | MGD;60;Tablet para administração pública: Samsung Galaxy Tab Active5;tablet-para-administracao-publica;/tablet-para-administracao-publica/;CRIAR LP (canonical próprio);Servidor em campo coleta dados, fotos e formulários com equipamento sujeito a queda, chuva e poeira.;Olá, vim pelo site MGD e gostaria de orçamento de Tablet robusto Samsung Galaxy Tab Active5 para para administração pública.;
26;tablet para fiscalização;Governo;tablet-robusto-active5-governo;Comercial (caso de uso por atividade);Tablet para fiscalização | Galaxy Tab Active5 | MGD;51;Tablet para fiscalização: Samsung Galaxy Tab Active5;tablet-para-fiscalizacao;/tablet-para-fiscalizacao/;CRIAR LP (canonical próprio);Servidor em campo coleta dados, fotos e formulários com equipamento sujeito a queda, chuva e poeira.;Olá, vim pelo site MGD e gostaria de orçamento de Tablet robusto Samsung Galaxy Tab Active5 para para fiscalização.;
27;tablet para fiscalização em campo;Governo;tablet-robusto-active5-governo;Comercial (caso de uso por atividade);Tablet para fiscalização em campo | Galaxy Tab Active5 | MGD;60;Tablet para fiscalização em campo: Samsung Galaxy Tab Active5;tablet-para-fiscalizacao-em-campo;/tablet-para-fiscalizacao-em-campo/;CRIAR LP (canonical próprio);Servidor em campo coleta dados, fotos e formulários com equipamento sujeito a queda, chuva e poeira.;Olá, vim pelo site MGD e gostaria de orçamento de Tablet robusto Samsung Galaxy Tab Active5 para para fiscalização em campo.;
28;tablet para fiscalização municipal;Governo;tablet-robusto-active5-governo;Comercial (caso de uso por atividade);Tablet para fiscalização municipal | Galaxy Tab Active5 | MGD;61;Tablet para fiscalização municipal: Samsung Galaxy Tab Active5;tablet-para-fiscalizacao-municipal;/tablet-para-fiscalizacao-municipal/;CRIAR LP (canonical próprio);Servidor em campo coleta dados, fotos e formulários com equipamento sujeito a queda, chuva e poeira.;Olá, vim pelo site MGD e gostaria de orçamento de Tablet robusto Samsung Galaxy Tab Active5 para para fiscalização municipal.;
29;tablet para agente de fiscalização;Governo;tablet-robusto-active5-governo;Comercial (caso de uso por atividade);Tablet para agente de fiscalização | Galaxy Tab Active5 | MGD;61;Tablet para agente de fiscalização: Samsung Galaxy Tab Active5;tablet-para-agente-de-fiscalizacao;/tablet-para-agente-de-fiscalizacao/;CRIAR LP (canonical próprio);Servidor em campo coleta dados, fotos e formulários com equipamento sujeito a queda, chuva e poeira.;Olá, vim pelo site MGD e gostaria de orçamento de Tablet robusto Samsung Galaxy Tab Active5 para para agente de fiscalização.;
30;tablet para agentes públicos;Governo;tablet-robusto-active5-governo;Comercial (caso de uso por atividade);Tablet para agentes públicos | Galaxy Tab Active5 | MGD;55;Tablet para agentes públicos: Samsung Galaxy Tab Active5;tablet-para-agentes-publicos;/tablet-para-agentes-publicos/;CRIAR LP (canonical próprio);Servidor em campo coleta dados, fotos e formulários com equipamento sujeito a queda, chuva e poeira.;Olá, vim pelo site MGD e gostaria de orçamento de Tablet robusto Samsung Galaxy Tab Active5 para para agentes públicos.;
31;tablet para guarda municipal;Governo;tablet-robusto-active5-governo;Comercial (caso de uso por atividade);Tablet para guarda municipal | Galaxy Tab Active5 | MGD;55;Tablet para guarda municipal: Samsung Galaxy Tab Active5;tablet-para-guarda-municipal;/tablet-para-guarda-municipal/;CRIAR LP (canonical próprio);Servidor em campo coleta dados, fotos e formulários com equipamento sujeito a queda, chuva e poeira.;Olá, vim pelo site MGD e gostaria de orçamento de Tablet robusto Samsung Galaxy Tab Active5 para para guarda municipal.;
32;tablet para agentes de trânsito;Governo;tablet-robusto-active5-governo;Comercial (caso de uso por atividade);Tablet para agentes de trânsito | Galaxy Tab Active5 | MGD;58;Tablet para agentes de trânsito: Samsung Galaxy Tab Active5;tablet-para-agentes-de-transito;/tablet-para-agentes-de-transito/;CRIAR LP (canonical próprio);Servidor em campo coleta dados, fotos e formulários com equipamento sujeito a queda, chuva e poeira.;Olá, vim pelo site MGD e gostaria de orçamento de Tablet robusto Samsung Galaxy Tab Active5 para para agentes de trânsito.;
33;tablet para secretaria de obras;Governo;tablet-robusto-active5-governo;Comercial (caso de uso por atividade);Tablet para secretaria de obras | Galaxy Tab Active5 | MGD;58;Tablet para secretaria de obras: Samsung Galaxy Tab Active5;tablet-para-secretaria-de-obras;/tablet-para-secretaria-de-obras/;CRIAR LP (canonical próprio);Servidor em campo coleta dados, fotos e formulários com equipamento sujeito a queda, chuva e poeira.;Olá, vim pelo site MGD e gostaria de orçamento de Tablet robusto Samsung Galaxy Tab Active5 para para secretaria de obras.;
34;tablet para vistoria em campo;Governo;tablet-robusto-active5-governo;Comercial (caso de uso por atividade);Tablet para vistoria em campo | Galaxy Tab Active5 | MGD;56;Tablet para vistoria em campo: Samsung Galaxy Tab Active5;tablet-para-vistoria-em-campo;/tablet-para-vistoria-em-campo/;CRIAR LP (canonical próprio);Servidor em campo coleta dados, fotos e formulários com equipamento sujeito a queda, chuva e poeira.;Olá, vim pelo site MGD e gostaria de orçamento de Tablet robusto Samsung Galaxy Tab Active5 para para vistoria em campo.;
35;tablet para logística;Logística;tablet-robusto-active5-logistica;Comercial (caso de uso por atividade);Tablet para logística | Galaxy Tab Active5 | MGD;48;Tablet para logística: Samsung Galaxy Tab Active5;tablet-para-logistica;/tablet-para-logistica/;CRIAR LP (canonical próprio);Conferência, inventário e comprovante de entrega com equipamento que cai, molha e para a operação.;Olá, vim pelo site MGD e gostaria de orçamento de Tablet robusto Samsung Galaxy Tab Active5 para para logística.;tablet robusto para logística | tablet industrial para logística
36;tablet robusto para logística;Logística;tablet-robusto-active5-logistica;Comercial (caso de uso por atividade);Tablet robusto para logística | Galaxy Tab Active5 | MGD;56;Tablet robusto para logística: Samsung Galaxy Tab Active5;tablet-robusto-para-logistica;/tablet-para-logistica/;CONSOLIDAR na página tablet para logística;Conferência, inventário e comprovante de entrega com equipamento que cai, molha e para a operação.;Olá, vim pelo site MGD e gostaria de orçamento de Tablet robusto Samsung Galaxy Tab Active5 para robusto para logística.;
37;tablet industrial para logística;Logística;tablet-robusto-active5-logistica;Comercial (caso de uso por atividade);Tablet industrial para logística | Galaxy Tab Active5 | MGD;59;Tablet industrial para logística: Samsung Galaxy Tab Active5;tablet-industrial-para-logistica;/tablet-para-logistica/;CONSOLIDAR na página tablet para logística;Conferência, inventário e comprovante de entrega com equipamento que cai, molha e para a operação.;Olá, vim pelo site MGD e gostaria de orçamento de Tablet robusto Samsung Galaxy Tab Active5 para industrial para logística.;
38;tablet para transportadora;Logística;tablet-robusto-active5-logistica;Comercial (caso de uso por atividade);Tablet para transportadora | Galaxy Tab Active5 | MGD;53;Tablet para transportadora: Samsung Galaxy Tab Active5;tablet-para-transportadora;/tablet-para-transportadora/;CRIAR LP (canonical próprio);Conferência, inventário e comprovante de entrega com equipamento que cai, molha e para a operação.;Olá, vim pelo site MGD e gostaria de orçamento de Tablet robusto Samsung Galaxy Tab Active5 para para transportadora.;
39;tablet para transporte;Logística;tablet-robusto-active5-logistica;Comercial (caso de uso por atividade);Tablet para transporte | Galaxy Tab Active5 | MGD;49;Tablet para transporte: Samsung Galaxy Tab Active5;tablet-para-transporte;/tablet-para-transporte/;CRIAR LP (canonical próprio);Conferência, inventário e comprovante de entrega com equipamento que cai, molha e para a operação.;Olá, vim pelo site MGD e gostaria de orçamento de Tablet robusto Samsung Galaxy Tab Active5 para para transporte.;
40;tablet para centro de distribuição;Logística;tablet-robusto-active5-logistica;Comercial (caso de uso por atividade);Tablet para centro de distribuição | Galaxy Tab Active5 | MGD;61;Tablet para centro de distribuição: Samsung Galaxy Tab Active5;tablet-para-centro-de-distribuicao;/tablet-para-centro-de-distribuicao/;CRIAR LP (canonical próprio);Conferência, inventário e comprovante de entrega com equipamento que cai, molha e para a operação.;Olá, vim pelo site MGD e gostaria de orçamento de Tablet robusto Samsung Galaxy Tab Active5 para para centro de distribuição.;
41;tablet para armazém;Logística;tablet-robusto-active5-logistica;Comercial (caso de uso por atividade);Tablet para armazém | Galaxy Tab Active5 | MGD;46;Tablet para armazém: Samsung Galaxy Tab Active5;tablet-para-armazem;/tablet-para-armazem/;CRIAR LP (canonical próprio);Conferência, inventário e comprovante de entrega com equipamento que cai, molha e para a operação.;Olá, vim pelo site MGD e gostaria de orçamento de Tablet robusto Samsung Galaxy Tab Active5 para para armazém.;
42;tablet para controle de estoque;Logística;tablet-robusto-active5-logistica;Comercial (caso de uso por atividade);Tablet para controle de estoque | Galaxy Tab Active5 | MGD;58;Tablet para controle de estoque: Samsung Galaxy Tab Active5;tablet-para-controle-de-estoque;/tablet-para-controle-de-estoque/;CRIAR LP (canonical próprio);Conferência, inventário e comprovante de entrega com equipamento que cai, molha e para a operação.;Olá, vim pelo site MGD e gostaria de orçamento de Tablet robusto Samsung Galaxy Tab Active5 para para controle de estoque.;
43;tablet para inventário;Logística;tablet-robusto-active5-logistica;Comercial (caso de uso por atividade);Tablet para inventário | Galaxy Tab Active5 | MGD;49;Tablet para inventário: Samsung Galaxy Tab Active5;tablet-para-inventario;/tablet-para-inventario/;CRIAR LP (canonical próprio);Conferência, inventário e comprovante de entrega com equipamento que cai, molha e para a operação.;Olá, vim pelo site MGD e gostaria de orçamento de Tablet robusto Samsung Galaxy Tab Active5 para para inventário.;
44;tablet para conferência de mercadorias;Logística;tablet-robusto-active5-logistica;Comercial (caso de uso por atividade);Tablet para conferência de mercadorias | Galaxy Tab Active5 | MGD;65;Tablet para conferência de mercadorias: Samsung Galaxy Tab Active5;tablet-para-conferencia-de-mercadorias;/tablet-para-conferencia-de-mercadorias/;CRIAR LP (canonical próprio);Conferência, inventário e comprovante de entrega com equipamento que cai, molha e para a operação.;Olá, vim pelo site MGD e gostaria de orçamento de Tablet robusto Samsung Galaxy Tab Active5 para para conferência de mercadorias.;
45;tablet para gestão de estoque;Logística;tablet-robusto-active5-logistica;Comercial (caso de uso por atividade);Tablet para gestão de estoque | Galaxy Tab Active5 | MGD;56;Tablet para gestão de estoque: Samsung Galaxy Tab Active5;tablet-para-gestao-de-estoque;/tablet-para-gestao-de-estoque/;CRIAR LP (canonical próprio);Conferência, inventário e comprovante de entrega com equipamento que cai, molha e para a operação.;Olá, vim pelo site MGD e gostaria de orçamento de Tablet robusto Samsung Galaxy Tab Active5 para para gestão de estoque.;
46;tablet para operador logístico;Logística;tablet-robusto-active5-logistica;Comercial (caso de uso por atividade);Tablet para operador logístico | Galaxy Tab Active5 | MGD;57;Tablet para operador logístico: Samsung Galaxy Tab Active5;tablet-para-operador-logistico;/tablet-para-operador-logistico/;CRIAR LP (canonical próprio);Conferência, inventário e comprovante de entrega com equipamento que cai, molha e para a operação.;Olá, vim pelo site MGD e gostaria de orçamento de Tablet robusto Samsung Galaxy Tab Active5 para para operador logístico.;
47;tablet para entrega;Logística;tablet-robusto-active5-logistica;Comercial (caso de uso por atividade);Tablet para entrega | Galaxy Tab Active5 | MGD;46;Tablet para entrega: Samsung Galaxy Tab Active5;tablet-para-entrega;/tablet-para-entrega/;CRIAR LP (canonical próprio);Conferência, inventário e comprovante de entrega com equipamento que cai, molha e para a operação.;Olá, vim pelo site MGD e gostaria de orçamento de Tablet robusto Samsung Galaxy Tab Active5 para para entrega.;
48;tablet para gestão de frota;Logística;tablet-robusto-active5-logistica;Comercial (caso de uso por atividade);Tablet para gestão de frota | Galaxy Tab Active5 | MGD;54;Tablet para gestão de frota: Samsung Galaxy Tab Active5;tablet-para-gestao-de-frota;/tablet-para-gestao-de-frota/;CRIAR LP (canonical próprio);Conferência, inventário e comprovante de entrega com equipamento que cai, molha e para a operação.;Olá, vim pelo site MGD e gostaria de orçamento de Tablet robusto Samsung Galaxy Tab Active5 para para gestão de frota.;
49;tablet para indústria;Manufatura;tablet-robusto-active5-manufatura;Comercial (caso de uso por atividade);Tablet para indústria | Galaxy Tab Active5 | MGD;48;Tablet para indústria: Samsung Galaxy Tab Active5;tablet-para-industria;/tablet-para-industria/;CRIAR LP (canonical próprio);Apontamento, inspeção e manutenção no chão de fábrica, com luvas, poeira e queda frequente.;Olá, vim pelo site MGD e gostaria de orçamento de Tablet robusto Samsung Galaxy Tab Active5 para para indústria.;tablet robusto para indústria
50;tablet robusto para indústria;Manufatura;tablet-robusto-active5-manufatura;Comercial (caso de uso por atividade);Tablet robusto para indústria | Galaxy Tab Active5 | MGD;56;Tablet robusto para indústria: Samsung Galaxy Tab Active5;tablet-robusto-para-industria;/tablet-para-industria/;CONSOLIDAR na página tablet para indústria;Apontamento, inspeção e manutenção no chão de fábrica, com luvas, poeira e queda frequente.;Olá, vim pelo site MGD e gostaria de orçamento de Tablet robusto Samsung Galaxy Tab Active5 para robusto para indústria.;
51;tablet industrial para fábrica;Manufatura;tablet-robusto-active5-manufatura;Comercial (caso de uso por atividade);Tablet industrial para fábrica | Galaxy Tab Active5 | MGD;57;Tablet industrial para fábrica: Samsung Galaxy Tab Active5;tablet-industrial-para-fabrica;/tablet-para-fabrica/;CONSOLIDAR na página tablet para fábrica;Apontamento, inspeção e manutenção no chão de fábrica, com luvas, poeira e queda frequente.;Olá, vim pelo site MGD e gostaria de orçamento de Tablet robusto Samsung Galaxy Tab Active5 para industrial para fábrica.;
52;tablet para fábrica;Manufatura;tablet-robusto-active5-manufatura;Comercial (caso de uso por atividade);Tablet para fábrica | Galaxy Tab Active5 | MGD;46;Tablet para fábrica: Samsung Galaxy Tab Active5;tablet-para-fabrica;/tablet-para-fabrica/;CRIAR LP (canonical próprio);Apontamento, inspeção e manutenção no chão de fábrica, com luvas, poeira e queda frequente.;Olá, vim pelo site MGD e gostaria de orçamento de Tablet robusto Samsung Galaxy Tab Active5 para para fábrica.;tablet industrial para fábrica
53;tablet para chão de fábrica;Manufatura;tablet-robusto-active5-manufatura;Comercial (caso de uso por atividade);Tablet para chão de fábrica | Galaxy Tab Active5 | MGD;54;Tablet para chão de fábrica: Samsung Galaxy Tab Active5;tablet-para-chao-de-fabrica;/tablet-para-chao-de-fabrica/;CRIAR LP (canonical próprio);Apontamento, inspeção e manutenção no chão de fábrica, com luvas, poeira e queda frequente.;Olá, vim pelo site MGD e gostaria de orçamento de Tablet robusto Samsung Galaxy Tab Active5 para para chão de fábrica.;tablet robusto para chão de fábrica
54;tablet robusto para chão de fábrica;Manufatura;tablet-robusto-active5-manufatura;Comercial (caso de uso por atividade);Tablet robusto para chão de fábrica | Galaxy Tab Active5 | MGD;62;Tablet robusto para chão de fábrica: Samsung Galaxy Tab Active5;tablet-robusto-para-chao-de-fabrica;/tablet-para-chao-de-fabrica/;CONSOLIDAR na página tablet para chão de fábrica;Apontamento, inspeção e manutenção no chão de fábrica, com luvas, poeira e queda frequente.;Olá, vim pelo site MGD e gostaria de orçamento de Tablet robusto Samsung Galaxy Tab Active5 para robusto para chão de fábrica.;
55;tablet para produção industrial;Manufatura;tablet-robusto-active5-manufatura;Comercial (caso de uso por atividade);Tablet para produção industrial | Galaxy Tab Active5 | MGD;58;Tablet para produção industrial: Samsung Galaxy Tab Active5;tablet-para-producao-industrial;/tablet-para-producao-industrial/;CRIAR LP (canonical próprio);Apontamento, inspeção e manutenção no chão de fábrica, com luvas, poeira e queda frequente.;Olá, vim pelo site MGD e gostaria de orçamento de Tablet robusto Samsung Galaxy Tab Active5 para para produção industrial.;
56;tablet para apontamento de produção;Manufatura;tablet-robusto-active5-manufatura;Comercial (caso de uso por atividade);Tablet para apontamento de produção | Galaxy Tab Active5 | MGD;62;Tablet para apontamento de produção: Samsung Galaxy Tab Active5;tablet-para-apontamento-de-producao;/tablet-para-apontamento-de-producao/;CRIAR LP (canonical próprio);Apontamento, inspeção e manutenção no chão de fábrica, com luvas, poeira e queda frequente.;Olá, vim pelo site MGD e gostaria de orçamento de Tablet robusto Samsung Galaxy Tab Active5 para para apontamento de produção.;
57;tablet para controle de produção;Manufatura;tablet-robusto-active5-manufatura;Comercial (caso de uso por atividade);Tablet para controle de produção | Galaxy Tab Active5 | MGD;59;Tablet para controle de produção: Samsung Galaxy Tab Active5;tablet-para-controle-de-producao;/tablet-para-controle-de-producao/;CRIAR LP (canonical próprio);Apontamento, inspeção e manutenção no chão de fábrica, com luvas, poeira e queda frequente.;Olá, vim pelo site MGD e gostaria de orçamento de Tablet robusto Samsung Galaxy Tab Active5 para para controle de produção.;
58;tablet para manutenção industrial;Manufatura;tablet-robusto-active5-manufatura;Comercial (caso de uso por atividade);Tablet para manutenção industrial | Galaxy Tab Active5 | MGD;60;Tablet para manutenção industrial: Samsung Galaxy Tab Active5;tablet-para-manutencao-industrial;/tablet-para-manutencao-industrial/;CRIAR LP (canonical próprio);Apontamento, inspeção e manutenção no chão de fábrica, com luvas, poeira e queda frequente.;Olá, vim pelo site MGD e gostaria de orçamento de Tablet robusto Samsung Galaxy Tab Active5 para para manutenção industrial.;
59;tablet para inspeção industrial;Manufatura;tablet-robusto-active5-manufatura;Comercial (caso de uso por atividade);Tablet para inspeção industrial | Galaxy Tab Active5 | MGD;58;Tablet para inspeção industrial: Samsung Galaxy Tab Active5;tablet-para-inspecao-industrial;/tablet-para-inspecao-industrial/;CRIAR LP (canonical próprio);Apontamento, inspeção e manutenção no chão de fábrica, com luvas, poeira e queda frequente.;Olá, vim pelo site MGD e gostaria de orçamento de Tablet robusto Samsung Galaxy Tab Active5 para para inspeção industrial.;
60;tablet para controle de qualidade;Manufatura;tablet-robusto-active5-manufatura;Comercial (caso de uso por atividade);Tablet para controle de qualidade | Galaxy Tab Active5 | MGD;60;Tablet para controle de qualidade: Samsung Galaxy Tab Active5;tablet-para-controle-de-qualidade;/tablet-para-controle-de-qualidade/;CRIAR LP (canonical próprio);Apontamento, inspeção e manutenção no chão de fábrica, com luvas, poeira e queda frequente.;Olá, vim pelo site MGD e gostaria de orçamento de Tablet robusto Samsung Galaxy Tab Active5 para para controle de qualidade.;
61;tablet para rastreabilidade industrial;Manufatura;tablet-robusto-active5-manufatura;Comercial (caso de uso por atividade);Tablet para rastreabilidade industrial | Galaxy Tab Active5 | MGD;65;Tablet para rastreabilidade industrial: Samsung Galaxy Tab Active5;tablet-para-rastreabilidade-industrial;/tablet-para-rastreabilidade-industrial/;CRIAR LP (canonical próprio);Apontamento, inspeção e manutenção no chão de fábrica, com luvas, poeira e queda frequente.;Olá, vim pelo site MGD e gostaria de orçamento de Tablet robusto Samsung Galaxy Tab Active5 para para rastreabilidade industrial.;
62;tablet para indústria 4.0;Manufatura;tablet-robusto-active5-manufatura;Comercial (caso de uso por atividade);Tablet para indústria 4.0 | Galaxy Tab Active5 | MGD;52;Tablet para indústria 4.0: Samsung Galaxy Tab Active5;tablet-para-industria-4-0;/tablet-para-industria-4-0/;CRIAR LP (canonical próprio);Apontamento, inspeção e manutenção no chão de fábrica, com luvas, poeira e queda frequente.;Olá, vim pelo site MGD e gostaria de orçamento de Tablet robusto Samsung Galaxy Tab Active5 para para indústria 4.0.;
63;tablet para mineração;Mineração;tablet-robusto-active5-mineracao;Comercial (caso de uso por atividade);Tablet para mineração | Galaxy Tab Active5 | MGD;48;Tablet para mineração: Samsung Galaxy Tab Active5;tablet-para-mineracao;/tablet-para-mineracao/;CRIAR LP (canonical próprio);Operação externa com partículas, vibração e manutenção em campo destroem tablets comuns.;Olá, vim pelo site MGD e gostaria de orçamento de Tablet robusto Samsung Galaxy Tab Active5 para para mineração.;tablet robusto para mineração | tablet industrial para mineração | tablet resistente para mineração
64;tablet robusto para mineração;Mineração;tablet-robusto-active5-mineracao;Comercial (caso de uso por atividade);Tablet robusto para mineração | Galaxy Tab Active5 | MGD;56;Tablet robusto para mineração: Samsung Galaxy Tab Active5;tablet-robusto-para-mineracao;/tablet-para-mineracao/;CONSOLIDAR na página tablet para mineração;Operação externa com partículas, vibração e manutenção em campo destroem tablets comuns.;Olá, vim pelo site MGD e gostaria de orçamento de Tablet robusto Samsung Galaxy Tab Active5 para robusto para mineração.;
65;tablet industrial para mineração;Mineração;tablet-robusto-active5-mineracao;Comercial (caso de uso por atividade);Tablet industrial para mineração | Galaxy Tab Active5 | MGD;59;Tablet industrial para mineração: Samsung Galaxy Tab Active5;tablet-industrial-para-mineracao;/tablet-para-mineracao/;CONSOLIDAR na página tablet para mineração;Operação externa com partículas, vibração e manutenção em campo destroem tablets comuns.;Olá, vim pelo site MGD e gostaria de orçamento de Tablet robusto Samsung Galaxy Tab Active5 para industrial para mineração.;
66;tablet para mineradora;Mineração;tablet-robusto-active5-mineracao;Comercial (caso de uso por atividade);Tablet para mineradora | Galaxy Tab Active5 | MGD;49;Tablet para mineradora: Samsung Galaxy Tab Active5;tablet-para-mineradora;/tablet-para-mineradora/;CRIAR LP (canonical próprio);Operação externa com partículas, vibração e manutenção em campo destroem tablets comuns.;Olá, vim pelo site MGD e gostaria de orçamento de Tablet robusto Samsung Galaxy Tab Active5 para para mineradora.;
67;tablet para trabalho em mineração;Mineração;tablet-robusto-active5-mineracao;Comercial (caso de uso por atividade);Tablet para trabalho em mineração | Galaxy Tab Active5 | MGD;60;Tablet para trabalho em mineração: Samsung Galaxy Tab Active5;tablet-para-trabalho-em-mineracao;/tablet-para-trabalho-em-mineracao/;CRIAR LP (canonical próprio);Operação externa com partículas, vibração e manutenção em campo destroem tablets comuns.;Olá, vim pelo site MGD e gostaria de orçamento de Tablet robusto Samsung Galaxy Tab Active5 para para trabalho em mineração.;
68;tablet resistente para mineração;Mineração;tablet-robusto-active5-mineracao;Comercial (caso de uso por atividade);Tablet resistente para mineração | Galaxy Tab Active5 | MGD;59;Tablet resistente para mineração: Samsung Galaxy Tab Active5;tablet-resistente-para-mineracao;/tablet-para-mineracao/;CONSOLIDAR na página tablet para mineração;Operação externa com partículas, vibração e manutenção em campo destroem tablets comuns.;Olá, vim pelo site MGD e gostaria de orçamento de Tablet robusto Samsung Galaxy Tab Active5 para resistente para mineração.;
69;tablet para inspeção em mineração;Mineração;tablet-robusto-active5-mineracao;Comercial (caso de uso por atividade);Tablet para inspeção em mineração | Galaxy Tab Active5 | MGD;60;Tablet para inspeção em mineração: Samsung Galaxy Tab Active5;tablet-para-inspecao-em-mineracao;/tablet-para-inspecao-em-mineracao/;CRIAR LP (canonical próprio);Operação externa com partículas, vibração e manutenção em campo destroem tablets comuns.;Olá, vim pelo site MGD e gostaria de orçamento de Tablet robusto Samsung Galaxy Tab Active5 para para inspeção em mineração.;
70;tablet para manutenção em mineração;Mineração;tablet-robusto-active5-mineracao;Comercial (caso de uso por atividade);Tablet para manutenção em mineração | Galaxy Tab Active5 | MGD;62;Tablet para manutenção em mineração: Samsung Galaxy Tab Active5;tablet-para-manutencao-em-mineracao;/tablet-para-manutencao-em-mineracao/;CRIAR LP (canonical próprio);Operação externa com partículas, vibração e manutenção em campo destroem tablets comuns.;Olá, vim pelo site MGD e gostaria de orçamento de Tablet robusto Samsung Galaxy Tab Active5 para para manutenção em mineração.;
71;tablet para operação em campo mineração;Mineração;tablet-robusto-active5-mineracao;Comercial (caso de uso por atividade);Tablet para operação em campo mineração | Galaxy Tab Active5 | MGD;66;Tablet para operação em campo mineração: Samsung Galaxy Tab Active5;tablet-para-operacao-em-campo-mineracao;/tablet-para-operacao-em-campo-mineracao/;CRIAR LP (canonical próprio);Operação externa com partículas, vibração e manutenção em campo destroem tablets comuns.;Olá, vim pelo site MGD e gostaria de orçamento de Tablet robusto Samsung Galaxy Tab Active5 para para operação em campo mineração.;
72;tablet para ambiente severo;Mineração;tablet-robusto-active5-mineracao;Comercial (caso de uso por atividade);Tablet para ambiente severo | Galaxy Tab Active5 | MGD;54;Tablet para ambiente severo: Samsung Galaxy Tab Active5;tablet-para-ambiente-severo;/tablet-para-ambiente-severo/;CRIAR LP (canonical próprio);Operação externa com partículas, vibração e manutenção em campo destroem tablets comuns.;Olá, vim pelo site MGD e gostaria de orçamento de Tablet robusto Samsung Galaxy Tab Active5 para para ambiente severo.;
73;tablet para hospital;Saúde;tablet-robusto-active5-saude;Comercial (caso de uso por atividade);Tablet para hospital | Galaxy Tab Active5 | MGD;47;Tablet para hospital: Samsung Galaxy Tab Active5;tablet-para-hospital;/tablet-para-hospital/;CRIAR LP (canonical próprio);Prontuário e atendimento à beira do leito exigem equipamento que aguente higienização frequente.;Olá, vim pelo site MGD e gostaria de orçamento de Tablet robusto Samsung Galaxy Tab Active5 para para hospital.;tablet para hospitais | tablet robusto para hospital
74;tablet para hospitais;Saúde;tablet-robusto-active5-saude;Comercial (caso de uso por atividade);Tablet para hospitais | Galaxy Tab Active5 | MGD;48;Tablet para hospitais: Samsung Galaxy Tab Active5;tablet-para-hospitais;/tablet-para-hospital/;CONSOLIDAR na página tablet para hospital;Prontuário e atendimento à beira do leito exigem equipamento que aguente higienização frequente.;Olá, vim pelo site MGD e gostaria de orçamento de Tablet robusto Samsung Galaxy Tab Active5 para para hospitais.;
75;tablet para saúde;Saúde;tablet-robusto-active5-saude;Comercial (caso de uso por atividade);Tablet para saúde | Galaxy Tab Active5 | MGD;44;Tablet para saúde: Samsung Galaxy Tab Active5;tablet-para-saude;/tablet-para-saude/;CRIAR LP (canonical próprio);Prontuário e atendimento à beira do leito exigem equipamento que aguente higienização frequente.;Olá, vim pelo site MGD e gostaria de orçamento de Tablet robusto Samsung Galaxy Tab Active5 para para saúde.;
76;tablet robusto para hospital;Saúde;tablet-robusto-active5-saude;Comercial (caso de uso por atividade);Tablet robusto para hospital | Galaxy Tab Active5 | MGD;55;Tablet robusto para hospital: Samsung Galaxy Tab Active5;tablet-robusto-para-hospital;/tablet-para-hospital/;CONSOLIDAR na página tablet para hospital;Prontuário e atendimento à beira do leito exigem equipamento que aguente higienização frequente.;Olá, vim pelo site MGD e gostaria de orçamento de Tablet robusto Samsung Galaxy Tab Active5 para robusto para hospital.;
77;tablet para uso hospitalar;Saúde;tablet-robusto-active5-saude;Comercial (caso de uso por atividade);Tablet para uso hospitalar | Galaxy Tab Active5 | MGD;53;Tablet para uso hospitalar: Samsung Galaxy Tab Active5;tablet-para-uso-hospitalar;/tablet-para-uso-hospitalar/;CRIAR LP (canonical próprio);Prontuário e atendimento à beira do leito exigem equipamento que aguente higienização frequente.;Olá, vim pelo site MGD e gostaria de orçamento de Tablet robusto Samsung Galaxy Tab Active5 para para uso hospitalar.;
78;tablet para enfermagem;Saúde;tablet-robusto-active5-saude;Comercial (caso de uso por atividade);Tablet para enfermagem | Galaxy Tab Active5 | MGD;49;Tablet para enfermagem: Samsung Galaxy Tab Active5;tablet-para-enfermagem;/tablet-para-enfermagem/;CRIAR LP (canonical próprio);Prontuário e atendimento à beira do leito exigem equipamento que aguente higienização frequente.;Olá, vim pelo site MGD e gostaria de orçamento de Tablet robusto Samsung Galaxy Tab Active5 para para enfermagem.;
79;tablet para atendimento hospitalar;Saúde;tablet-robusto-active5-saude;Comercial (caso de uso por atividade);Tablet para atendimento hospitalar | Galaxy Tab Active5 | MGD;61;Tablet para atendimento hospitalar: Samsung Galaxy Tab Active5;tablet-para-atendimento-hospitalar;/tablet-para-atendimento-hospitalar/;CRIAR LP (canonical próprio);Prontuário e atendimento à beira do leito exigem equipamento que aguente higienização frequente.;Olá, vim pelo site MGD e gostaria de orçamento de Tablet robusto Samsung Galaxy Tab Active5 para para atendimento hospitalar.;
80;tablet para prontuário eletrônico;Saúde;tablet-robusto-active5-saude;Comercial (caso de uso por atividade);Tablet para prontuário eletrônico | Galaxy Tab Active5 | MGD;60;Tablet para prontuário eletrônico: Samsung Galaxy Tab Active5;tablet-para-prontuario-eletronico;/tablet-para-prontuario-eletronico/;CRIAR LP (canonical próprio);Prontuário e atendimento à beira do leito exigem equipamento que aguente higienização frequente.;Olá, vim pelo site MGD e gostaria de orçamento de Tablet robusto Samsung Galaxy Tab Active5 para para prontuário eletrônico.;
81;tablet para equipe médica;Saúde;tablet-robusto-active5-saude;Comercial (caso de uso por atividade);Tablet para equipe médica | Galaxy Tab Active5 | MGD;52;Tablet para equipe médica: Samsung Galaxy Tab Active5;tablet-para-equipe-medica;/tablet-para-equipe-medica/;CRIAR LP (canonical próprio);Prontuário e atendimento à beira do leito exigem equipamento que aguente higienização frequente.;Olá, vim pelo site MGD e gostaria de orçamento de Tablet robusto Samsung Galaxy Tab Active5 para para equipe médica.;
82;tablet para atendimento em campo saúde;Saúde;tablet-robusto-active5-saude;Comercial (caso de uso por atividade);Tablet para atendimento em campo saúde | Galaxy Tab Active5 | MGD;65;Tablet para atendimento em campo saúde: Samsung Galaxy Tab Active5;tablet-para-atendimento-em-campo-saude;/tablet-para-atendimento-em-campo-saude/;CRIAR LP (canonical próprio);Prontuário e atendimento à beira do leito exigem equipamento que aguente higienização frequente.;Olá, vim pelo site MGD e gostaria de orçamento de Tablet robusto Samsung Galaxy Tab Active5 para para atendimento em campo saúde.;
83;tablet para trabalho em campo;Serviços;tablet-robusto-active5-servicos;Comercial (caso de uso por atividade);Tablet para trabalho em campo | Galaxy Tab Active5 | MGD;56;Tablet para trabalho em campo: Samsung Galaxy Tab Active5;tablet-para-trabalho-em-campo;/tablet-para-trabalho-em-campo/;CRIAR LP (canonical próprio);Técnicos externos emitem ordens de serviço e vistorias em equipamento que não foi feito para rua.;Olá, vim pelo site MGD e gostaria de orçamento de Tablet robusto Samsung Galaxy Tab Active5 para para trabalho em campo.;tablet robusto para trabalho em campo
84;tablet robusto para trabalho em campo;Serviços;tablet-robusto-active5-servicos;Comercial (caso de uso por atividade);Tablet robusto para trabalho em campo | Galaxy Tab Active5 | MGD;64;Tablet robusto para trabalho em campo: Samsung Galaxy Tab Active5;tablet-robusto-para-trabalho-em-campo;/tablet-para-trabalho-em-campo/;CONSOLIDAR na página tablet para trabalho em campo;Técnicos externos emitem ordens de serviço e vistorias em equipamento que não foi feito para rua.;Olá, vim pelo site MGD e gostaria de orçamento de Tablet robusto Samsung Galaxy Tab Active5 para robusto para trabalho em campo.;
85;tablet para equipe de campo;Serviços;tablet-robusto-active5-servicos;Comercial (caso de uso por atividade);Tablet para equipe de campo | Galaxy Tab Active5 | MGD;54;Tablet para equipe de campo: Samsung Galaxy Tab Active5;tablet-para-equipe-de-campo;/tablet-para-equipe-de-campo/;CRIAR LP (canonical próprio);Técnicos externos emitem ordens de serviço e vistorias em equipamento que não foi feito para rua.;Olá, vim pelo site MGD e gostaria de orçamento de Tablet robusto Samsung Galaxy Tab Active5 para para equipe de campo.;
86;tablet para serviço de campo;Serviços;tablet-robusto-active5-servicos;Comercial (caso de uso por atividade);Tablet para serviço de campo | Galaxy Tab Active5 | MGD;55;Tablet para serviço de campo: Samsung Galaxy Tab Active5;tablet-para-servico-de-campo;/tablet-para-servico-de-campo/;CRIAR LP (canonical próprio);Técnicos externos emitem ordens de serviço e vistorias em equipamento que não foi feito para rua.;Olá, vim pelo site MGD e gostaria de orçamento de Tablet robusto Samsung Galaxy Tab Active5 para para serviço de campo.;
87;tablet para técnico de campo;Serviços;tablet-robusto-active5-servicos;Comercial (caso de uso por atividade);Tablet para técnico de campo | Galaxy Tab Active5 | MGD;55;Tablet para técnico de campo: Samsung Galaxy Tab Active5;tablet-para-tecnico-de-campo;/tablet-para-tecnico-de-campo/;CRIAR LP (canonical próprio);Técnicos externos emitem ordens de serviço e vistorias em equipamento que não foi feito para rua.;Olá, vim pelo site MGD e gostaria de orçamento de Tablet robusto Samsung Galaxy Tab Active5 para para técnico de campo.;
88;tablet para manutenção em campo;Serviços;tablet-robusto-active5-servicos;Comercial (caso de uso por atividade);Tablet para manutenção em campo | Galaxy Tab Active5 | MGD;58;Tablet para manutenção em campo: Samsung Galaxy Tab Active5;tablet-para-manutencao-em-campo;/tablet-para-manutencao-em-campo/;CRIAR LP (canonical próprio);Técnicos externos emitem ordens de serviço e vistorias em equipamento que não foi feito para rua.;Olá, vim pelo site MGD e gostaria de orçamento de Tablet robusto Samsung Galaxy Tab Active5 para para manutenção em campo.;
89;tablet para ordem de serviço;Serviços;tablet-robusto-active5-servicos;Comercial (caso de uso por atividade);Tablet para ordem de serviço | Galaxy Tab Active5 | MGD;55;Tablet para ordem de serviço: Samsung Galaxy Tab Active5;tablet-para-ordem-de-servico;/tablet-para-ordem-de-servico/;CRIAR LP (canonical próprio);Técnicos externos emitem ordens de serviço e vistorias em equipamento que não foi feito para rua.;Olá, vim pelo site MGD e gostaria de orçamento de Tablet robusto Samsung Galaxy Tab Active5 para para ordem de serviço.;
90;tablet para vistoria;Serviços;tablet-robusto-active5-servicos;Comercial (caso de uso por atividade);Tablet para vistoria | Galaxy Tab Active5 | MGD;47;Tablet para vistoria: Samsung Galaxy Tab Active5;tablet-para-vistoria;/tablet-para-vistoria/;CRIAR LP (canonical próprio);Técnicos externos emitem ordens de serviço e vistorias em equipamento que não foi feito para rua.;Olá, vim pelo site MGD e gostaria de orçamento de Tablet robusto Samsung Galaxy Tab Active5 para para vistoria.;
91;tablet para inspeção em campo;Serviços;tablet-robusto-active5-servicos;Comercial (caso de uso por atividade);Tablet para inspeção em campo | Galaxy Tab Active5 | MGD;56;Tablet para inspeção em campo: Samsung Galaxy Tab Active5;tablet-para-inspecao-em-campo;/tablet-para-inspecao-em-campo/;CRIAR LP (canonical próprio);Técnicos externos emitem ordens de serviço e vistorias em equipamento que não foi feito para rua.;Olá, vim pelo site MGD e gostaria de orçamento de Tablet robusto Samsung Galaxy Tab Active5 para para inspeção em campo.;
92;tablet resistente para trabalho externo;Serviços;tablet-robusto-active5-servicos;Comercial (caso de uso por atividade);Tablet resistente para trabalho externo | Galaxy Tab Active5 | MGD;66;Tablet resistente para trabalho externo: Samsung Galaxy Tab Active5;tablet-resistente-para-trabalho-externo;/tablet-resistente-para-trabalho-externo/;CRIAR LP (canonical próprio);Técnicos externos emitem ordens de serviço e vistorias em equipamento que não foi feito para rua.;Olá, vim pelo site MGD e gostaria de orçamento de Tablet robusto Samsung Galaxy Tab Active5 para resistente para trabalho externo.;
93;tablet para companhia de energia;Utilities;tablet-robusto-active5-utilities;Comercial (caso de uso por atividade);Tablet para companhia de energia | Galaxy Tab Active5 | MGD;59;Tablet para companhia de energia: Samsung Galaxy Tab Active5;tablet-para-companhia-de-energia;/tablet-para-companhia-de-energia/;CRIAR LP (canonical próprio);Leitura de medidores e manutenção de rede a céu aberto, com chuva, poeira e queda.;Olá, vim pelo site MGD e gostaria de orçamento de Tablet robusto Samsung Galaxy Tab Active5 para para companhia de energia.;
94;tablet para setor elétrico;Utilities;tablet-robusto-active5-utilities;Comercial (caso de uso por atividade);Tablet para setor elétrico | Galaxy Tab Active5 | MGD;53;Tablet para setor elétrico: Samsung Galaxy Tab Active5;tablet-para-setor-eletrico;/tablet-para-setor-eletrico/;CRIAR LP (canonical próprio);Leitura de medidores e manutenção de rede a céu aberto, com chuva, poeira e queda.;Olá, vim pelo site MGD e gostaria de orçamento de Tablet robusto Samsung Galaxy Tab Active5 para para setor elétrico.;
95;tablet para manutenção elétrica;Utilities;tablet-robusto-active5-utilities;Comercial (caso de uso por atividade);Tablet para manutenção elétrica | Galaxy Tab Active5 | MGD;58;Tablet para manutenção elétrica: Samsung Galaxy Tab Active5;tablet-para-manutencao-eletrica;/tablet-para-manutencao-eletrica/;CRIAR LP (canonical próprio);Leitura de medidores e manutenção de rede a céu aberto, com chuva, poeira e queda.;Olá, vim pelo site MGD e gostaria de orçamento de Tablet robusto Samsung Galaxy Tab Active5 para para manutenção elétrica.;
96;tablet para empresa de saneamento;Utilities;tablet-robusto-active5-utilities;Comercial (caso de uso por atividade);Tablet para empresa de saneamento | Galaxy Tab Active5 | MGD;60;Tablet para empresa de saneamento: Samsung Galaxy Tab Active5;tablet-para-empresa-de-saneamento;/tablet-para-empresa-de-saneamento/;CRIAR LP (canonical próprio);Leitura de medidores e manutenção de rede a céu aberto, com chuva, poeira e queda.;Olá, vim pelo site MGD e gostaria de orçamento de Tablet robusto Samsung Galaxy Tab Active5 para para empresa de saneamento.;
97;tablet para saneamento;Utilities;tablet-robusto-active5-utilities;Comercial (caso de uso por atividade);Tablet para saneamento | Galaxy Tab Active5 | MGD;49;Tablet para saneamento: Samsung Galaxy Tab Active5;tablet-para-saneamento;/tablet-para-saneamento/;CRIAR LP (canonical próprio);Leitura de medidores e manutenção de rede a céu aberto, com chuva, poeira e queda.;Olá, vim pelo site MGD e gostaria de orçamento de Tablet robusto Samsung Galaxy Tab Active5 para para saneamento.;
98;tablet para leitura de medidores;Utilities;tablet-robusto-active5-utilities;Comercial (caso de uso por atividade);Tablet para leitura de medidores | Galaxy Tab Active5 | MGD;59;Tablet para leitura de medidores: Samsung Galaxy Tab Active5;tablet-para-leitura-de-medidores;/tablet-para-leitura-de-medidores/;CRIAR LP (canonical próprio);Leitura de medidores e manutenção de rede a céu aberto, com chuva, poeira e queda.;Olá, vim pelo site MGD e gostaria de orçamento de Tablet robusto Samsung Galaxy Tab Active5 para para leitura de medidores.;
99;tablet para manutenção de rede;Utilities;tablet-robusto-active5-utilities;Comercial (caso de uso por atividade);Tablet para manutenção de rede | Galaxy Tab Active5 | MGD;57;Tablet para manutenção de rede: Samsung Galaxy Tab Active5;tablet-para-manutencao-de-rede;/tablet-para-manutencao-de-rede/;CRIAR LP (canonical próprio);Leitura de medidores e manutenção de rede a céu aberto, com chuva, poeira e queda.;Olá, vim pelo site MGD e gostaria de orçamento de Tablet robusto Samsung Galaxy Tab Active5 para para manutenção de rede.;
100;tablet para concessionária de serviços públicos;Utilities;tablet-robusto-active5-utilities;Comercial (caso de uso por atividade);Tablet para concessionária de serviços públicos | Galaxy Tab Active5 | MGD;74;Tablet para concessionária de serviços públicos: Samsung Galaxy Tab Active5;tablet-para-concessionaria-de-servicos-publicos;/tablet-para-concessionaria-de-servicos-publicos/;CRIAR LP (canonical próprio);Leitura de medidores e manutenção de rede a céu aberto, com chuva, poeira e queda.;Olá, vim pelo site MGD e gostaria de orçamento de Tablet robusto Samsung Galaxy Tab Active5 para para concessionária de serviços públicos.;
