Top consultas,Cliques,Impressões,CTR,Posição
mgi tech,42,506,8.3%,5
mgitech,22,1135,1.94%,6.78
mgi soluções,15,27,55.56%,1.96
mgi,13,2096,0.62%,9.75
myin,12,1045,1.15%,2.63
mgi empresa,11,165,6.67%,2.2
empresa mgi,9,85,10.59%,1.75
grupo mgitech,6,120,5%,3.84
grupo mgi,6,36,16.67%,4.36
mgi software,5,26,19.23%,32.35
mgi service,3,41,7.32%,3.39
mgi contato,2,65,3.08%,6.83
mgi.com,2,2,100%,1
mototalk,1,106,0.94%,9.4
mgitech mogi das cruzes,1,90,1.11%,6.43
mgi express,1,76,1.32%,7.37
mgi site,1,60,1.67%,5.33
mgitech comercio importacao e exportacao ltda,1,52,1.92%,8.81
site mgi,1,51,1.96%,4.35
mobilidade corporativa,1,49,2.04%,19.51
kaprinter,1,15,6.67%,8.93
aluguel de impressora,1,13,7.69%,7
"mgitech comercio, importacao e exportacao ltda",1,11,9.09%,8.64
mgi sa,1,11,9.09%,11.27
mgi informatics,1,5,20%,2.6
astec mgi,1,3,33.33%,1
locação impressora,1,3,33.33%,4.33
gestao de dispositivos,0,742,0%,37.35
warehouse management system,0,349,0%,39.28
gerenciamento de dispositivos móveis,0,231,0%,20.9
warehouse system,0,209,0%,40.58
automação da força de vendas,0,189,0%,36.7
warehouse management software,0,158,0%,51.75
warehouse systems,0,148,0%,47.06
warehouse management,0,112,0%,51.25
gestão de dispositivos móveis,0,101,0%,28.78
mgi brasil,0,95,0%,6.77
warehouse software,0,86,0%,48.91
solução mdm,0,84,0%,25.83
automação força de vendas,0,83,0%,34.12
warehouse management solutions,0,64,0%,50.28
mgi automation,0,61,0%,56.03
gestion de dispositivos mdm,0,56,0%,34.04
mogi tech,0,54,0%,8.22
como gerenciar dispositivos móveis de forma eficiente na minha empresa?,0,52,0%,5.75
mgi engenharia,0,43,0%,8.91
www.myin,0,40,0%,4.15
gestão de dispositivos,0,39,0%,44.56
apontamento de produção,0,39,0%,44.72
locação de dispositivos móveis,0,37,0%,4.73
warehouse management system software,0,36,0%,55.92
contato mgi,0,34,0%,7.26
o que é mdm,0,34,0%,65.12
warehouse management systeme,0,32,0%,32.84
warehouse inventory management system,0,28,0%,74.93
myin],0,26,0%,2.12
outsourcing de dispositivos móveis,0,23,0%,12.7
warehouse management systems,0,23,0%,49.74
rmgi,0,22,0%,50.45
"que ferramentas de gestão de prestadores de serviços são compatíveis com 
dispositivos móveis?",0,21,0%,5.57
gerenciamento de dispositivos moveis,0,21,0%,43.14
aluguel de base magnética em mogi das cruzes,0,20,0%,15.5
mgi solutions,0,19,0%,51.16
mobilidade empresarial,0,19,0%,60.05
m gi,0,17,0%,8.06
mgi company,0,17,0%,28.71
gestão de dispositivos corporativos,0,17,0%,40.18
ferramentas de mdm,0,16,0%,46.94
mgi research,0,16,0%,59.75
warehouse control systems,0,16,0%,68.94
4mgi,0,16,0%,85.44
gerenciamento de serviços móveis,0,15,0%,22.33
oq é mdm,0,15,0%,60.6
o'que é mdm,0,15,0%,67.53
operação de loja,0,14,0%,10.36
gestão de dispositivos de campo,0,14,0%,13
mogi as,0,14,0%,30
soluções mdm,0,14,0%,34.71
motorola para equipes externas,0,13,0%,13.69
mgi-tech,0,12,0%,6.25
motorola para equipe externa,0,12,0%,13.42
ti mogi,0,12,0%,58.42
desktop as a service brasil,0,11,0%,17.64
logiciel warehouse management system,0,11,0%,43.91
software para automação da força de vendas,0,11,0%,44.55
o'que significa mdm,0,11,0%,73.82
công ty mgi,0,11,0%,90.82
aluguel de base magnética em arujá,0,10,0%,7.9
assistencia apple mogi das cruzes,0,10,0%,10.1
mogi,0,10,0%,31.9
oque é mdm,0,10,0%,49.2
mogi group,0,10,0%,71
impressoras taubaté,0,9,0%,8.11
gerenciamento de dispositivos,0,9,0%,14.56
o que e mdm,0,9,0%,53.56
o que é mgi,0,8,0%,7.88
considerando o mdm,0,8,0%,10.88
"além das configurações de segurança realizadas em um dispositivo móvel, 
outra estratégia de segurança é a utilização de sistemas mdm. analise as 
afirmações a seguir e assinale a alternativa correta sobre o tema:",0,7,0%,1.86
www.mgi,0,7,0%,4.43
locação de impressora,0,7,0%,5
mgi web,0,7,0%,6.29
o que é pod na logistica,0,7,0%,10.43
mgi tecnogin,0,7,0%,10.86
oq e mdm,0,7,0%,25.43
dispositivos móveis corporativos,0,7,0%,35.86
apontamento de producao,0,7,0%,45.14
wms warehouse management system,0,7,0%,53.29
oq significa mdm,0,7,0%,68.71
o que significa mdm,0,7,0%,75.71
mgi capital,0,6,0%,3.33
aluguel de base magnética em itaquaquecetuba,0,6,0%,12.5
mgi participações,0,6,0%,23
mgi consultores,0,6,0%,42.17
wms warehouse system,0,6,0%,54
mgi corporation,0,6,0%,63.33
mgi consulting,0,6,0%,88.33
mgi sell,0,5,0%,2.4
aluguel impressora sorocaba,0,5,0%,10.2
mdm solua aµes,0,5,0%,14.2
gestão de mobilidade corporativa,0,5,0%,16
gerenciamento de dispositivos móveis (mdm),0,5,0%,17.8
aluguel de compressor de ar em poá,0,5,0%,18.2
aluguel de lavadora de alta pressão em itaquaquecetuba,0,5,0%,24.2
aluguel de nível a laser em itaquaquecetuba,0,5,0%,26.2
gestão mdm,0,5,0%,28.8
warehouse managment system,0,5,0%,39.4
megi,0,5,0%,66
dispositivos moveis,0,5,0%,67.8
mgi mechanical services mgimechanicalservices.com,0,5,0%,71.4
mdm para empresas,0,5,0%,81
brazil warehouse management system market,0,5,0%,91.6
"google and (""huada forensic"" or ""mgi"" or ""huada intelligent"" or ""huada 
intelligence"" or ""huada wisdom"" or ""huada zhizao"" or ""changxin memory"" or 
""changxin memories"" or ""cxmt"" or ""addsino"" or ""china scholars group"" or 
""fujian fufa"" )",0,5,0%,152.2
mgi o que é,0,4,0%,1
android empresa serviço,0,4,0%,5
locação de impressoras,0,4,0%,5.25
aluguel de nível a laser em poá,0,4,0%,7
o que é mobilidade corporativa,0,4,0%,8.5
autorizada apple mogi das cruzes,0,4,0%,8.75
aluguel de nível a laser em mogi das cruzes,0,4,0%,11.75
solua aµes mdm,0,4,0%,12.25
proteção total,0,4,0%,13.25
gestão de aparelho,0,4,0%,13.75
mgi tech logo,0,4,0%,16
wms loggi,0,4,0%,34.5
automação de força de venda,0,4,0%,35.5
pt mgi,0,4,0%,48.5
mgi management,0,4,0%,67
myi n,0,3,0%,1
myimgi,0,3,0%,1
parque de impressão,0,3,0%,1
wwwmgi,0,3,0%,1
mgi telecom,0,3,0%,2
myin.,0,3,0%,2.33
mgiservice,0,3,0%,2.67
mgite,0,3,0%,2.67
myinm,0,3,0%,3
aluguel impressora laser,0,3,0%,4
loja mgi,0,3,0%,4.67
parque de impressoras,0,3,0%,4.67
aluguel de impressora em campinas,0,3,0%,6.67
aluguel impressora,0,3,0%,7.33
mgi purchase,0,3,0%,10
assistencia tecnica apple mogi das cruzes,0,3,0%,10.33
outsourcing,0,3,0%,11.33
mgi group,0,3,0%,21.67
aluguel de compressor de ar em itaquaquecetuba,0,3,0%,26
sistema de apontamento de produção,0,3,0%,27
mgi technologies,0,3,0%,34
mgi systems,0,3,0%,34.67
gerencia de dispositivos,0,3,0%,41
wms system,0,3,0%,49.67
grupo magi,0,3,0%,52.33
sistema com recurso de apontamento de produção,0,3,0%,53.67
o que significa mdm no whatsapp,0,3,0%,57.33
pt magi,0,3,0%,86
mgi industries,0,2,0%,1
mgi significado,0,2,0%,1
empresa mogi,0,2,0%,1.5
locação de impressoras perto de mim,0,2,0%,1.5
magitech,0,2,0%,1.5
mgtech,0,2,0%,1.5
mgi tech co,0,2,0%,2
mgi telefone,0,2,0%,2
mmyin,0,2,0%,2
mgiet,0,2,0%,3
outsourcing de multifuncional em são caetano,0,2,0%,3
mgi l,0,2,0%,4
mymgi,0,2,0%,4.5
maggi tech,0,2,0%,5.5
mgi invest,0,2,0%,5.5
micgi,0,2,0%,5.5
maggitech,0,2,0%,6
mgitec,0,2,0%,6
mgi.,0,2,0%,6.5
distribuidor autorizado honeywell,0,2,0%,7
mgi official website,0,2,0%,7.5
empresas de tecnologia em mogi das cruzes,0,2,0%,8
distribuidora honeywell,0,2,0%,8.5
aluguel de impressora sorocaba,0,2,0%,9
impressão assis,0,2,0%,9
locação de impressoras em campinas,0,2,0%,9
mgi digital,0,2,0%,9.5
ceo mgi,0,2,0%,10
myinv,0,2,0%,10
m g i,0,2,0%,10.5
impressoras taubate,0,2,0%,11
significado de emm,0,2,0%,11
gerenciar dispositivos,0,2,0%,13.5
o que é mgi?,0,2,0%,13.5
outsourcing de multifuncionais em são caetano,0,2,0%,14
aluguel de nível a laser em arujá,0,2,0%,14.5
locação impressora sorocaba,0,2,0%,15
ds mgi,0,2,0%,19
aluguel de impressoras mogi guaçu,0,2,0%,22
outsourcing de impressora em campinas,0,2,0%,22
solução de mdm,0,2,0%,22
mimeg,0,2,0%,23.5
locação de multifuncional em são caetano,0,2,0%,27
mgi warehouse,0,2,0%,31
controle de dispositivos móveis,0,2,0%,31.5
quem criou o 5g no brasil,0,2,0%,32
software de gerenciamento de dispositivos móveis,0,2,0%,32
automação de força de vendas,0,2,0%,36.5
mgi/ml,0,2,0%,41
o que é automação da força de vendas,0,2,0%,41.5
aluguel de nível a laser em ferraz de vasconcelos,0,2,0%,42.5
mdm,0,2,0%,45
preço do cobre em campinas paulínia,0,2,0%,46.5
management system warehouse,0,2,0%,47
significado de mdm,0,2,0%,51
impressora empresarial,0,2,0%,52
mitgi,0,2,0%,64
s/mímica mdm,0,2,0%,70.5
kantor mgi,0,2,0%,84
gerenciador eletronico de documentos,0,2,0%,92.5
cgu,0,1,0%,1
comunicação,0,1,0%,1
loja que vende tablet perto de mim,0,1,0%,1
magitec,0,1,0%,1
mgi endereço,0,1,0%,1
o que significa mgi,0,1,0%,1
o que é o mgi,0,1,0%,1
assistencia tecnica celular,0,1,0%,2
iphone 11,0,1,0%,2
m9hi,0,1,0%,2
mugitech,0,1,0%,2
myinh,0,1,0%,2
myinsi,0,1,0%,2
o que é controle do dispositivo,0,1,0%,2
outsourcing de impressoras em são caetano,0,1,0%,2
são bernardo do campo,0,1,0%,2
telefone mgi,0,1,0%,2
aluguel de multifuncional em são caetano,0,1,0%,3
controle do dispositivo,0,1,0%,3
email mgi,0,1,0%,3
mgi trading,0,1,0%,3
mgi website,0,1,0%,3
myihn,0,1,0%,3
myinic,0,1,0%,3
qual o telefone,0,1,0%,3
aluguel de impressoras perto de mim,0,1,0%,4
mgi imports,0,1,0%,4
mgij,0,1,0%,4
venda de equipamentos,0,1,0%,4
empresa de impressora,0,1,0%,5
impressora aluguel,0,1,0%,5
mginc,0,1,0%,5
myinin,0,1,0%,5
myintain,0,1,0%,5
terceirização de dispositivos móveis,0,1,0%,5
mgai36,0,1,0%,6
mgi escritorio,0,1,0%,6
mgiia,0,1,0%,6
mmiin,0,1,0%,6
myin3,0,1,0%,6
myinsr,0,1,0%,6
myuin,0,1,0%,6
central de compras mgi,0,1,0%,7
em mogi,0,1,0%,7
indaiatuba,0,1,0%,7
mgi-gm-cgad,0,1,0%,7
mumgi,0,1,0%,7
mylgi,0,1,0%,7
pod logistica,0,1,0%,7
autsourcing,0,1,0%,8
chamado mgi,0,1,0%,8
locação multifuncional,0,1,0%,8
mgi bus,0,1,0%,8
mgi game,0,1,0%,8
que es mgi,0,1,0%,8
repairs.mgiservice,0,1,0%,8
@mgai36,0,1,0%,9
aluguel de detector de materiais em mogi das cruzes,0,1,0%,9
impressoras e cia mogi guaçu,0,1,0%,9
mgi seguros,0,1,0%,9
mgi?,0,1,0%,9
mxegytech,0,1,0%,9
preço,0,1,0%,9
"quais soluções de gestão de dispositivos móveis (mdm) são mais completas 
para empresas?",0,1,0%,9
especialista mgi,0,1,0%,10
mgi magic,0,1,0%,10
mgi services,0,1,0%,10
mgi wiki,0,1,0%,10
mgiai,0,1,0%,10
mgiq,0,1,0%,10
mgi warranty,0,1,0%,11
mgpgi,0,1,0%,11
myinr,0,1,0%,11
aluguel de base magnética em poá,0,1,0%,12
mgi fortaleza,0,1,0%,12
endereço do mgi,0,1,0%,13
gestion de dispositivos,0,1,0%,14
outsourcing de impressão em campinas,0,1,0%,16
sistema mdm,0,1,0%,17
mgitech cnpj,0,1,0%,19
o q é mdm,0,1,0%,19
imingin,0,1,0%,21
serviço personalizado,0,1,0%,21
aluguel de furadeira base magnética em guararema,0,1,0%,22
gtata mgi,0,1,0%,22
bgi mgi,0,1,0%,23
impressoras para empresas,0,1,0%,23
mgie,0,1,0%,23
gerenciamento de força de trabalho móvel,0,1,0%,25
mgi regnskap as,0,1,0%,26
soluções de mobilidade corporativa,0,1,0%,26
mdm gestão de dispositivos,0,1,0%,27
outsourcing de tablets,0,1,0%,27
impressora para empresas,0,1,0%,28
myincent,0,1,0%,29
locação de multifuncionais em barueri,0,1,0%,31
empresa de força de vendas,0,1,0%,32
me informática,0,1,0%,33
myinstie,0,1,0%,35
mogi alerta,0,1,0%,39
impressão para empresas,0,1,0%,40
magnetik group,0,1,0%,40
mdm para governo,0,1,0%,40
pt. magi,0,1,0%,41
técnico em informática,0,1,0%,41
myliant,0,1,0%,43
sistema de apontamento,0,1,0%,43
creditoagil,0,1,0%,44
myin',0,1,0%,45
mgiaccess,0,1,0%,46
mgi technology,0,1,0%,48
miga alleanza,0,1,0%,48
mobilidade corporativa para áreas perigosas e industriais,0,1,0%,49
solução de força de vendas,0,1,0%,50
warehouse tracking system,0,1,0%,50
mji,0,1,0%,52
target força de vendas,0,1,0%,58
administracion de dispositivos,0,1,0%,62
catracas de acesso para fábricas em mauá,0,1,0%,62
industrial mogi,0,1,0%,62
migi tech,0,1,0%,72
mgisp,0,1,0%,73
mgi regnskap,0,1,0%,74
manufacturers industrial group,0,1,0%,76
mgi companies,0,1,0%,77
dispositivos móveis empresariais,0,1,0%,80
m.g.i.,0,1,0%,80
mgi engineering,0,1,0%,83
magi inc,0,1,0%,100
mgi asistencia integral,0,1,0%,100