Páginas principais,Cliques,Impressões,CTR,Posição
https://mgi.com.br/,299,7418,4.03%,8.54
https://mgi.com.br/contato/,19,848,2.24%,7.11
https://mgi.com.br/aluguel-de-impressoras/mogi-das-cruzes/,17,184,9.24%,9.85
https://mgi.com.br/solucoes/locacao-de-dispositivos-moveis/,16,130,12.31%,6.99
https://mgi.com.br/sobre-nos/,14,756,1.85%,9.91
https://mgi.com.br/servicos-myin/,12,1193,1.01%,2.89
https://mgi.com.br/mgitech-solucoes-digitais-softwares-e-analise-de-dados/,11,695,1.58%,6.81
https://mgi.com.br/solucoes/,11,349,3.15%,13.23
https://mgi.com.br/servicos/,10,302,3.31%,11.08
https://mgi.com.br/conheca-os-servicos-mgitech-de-assistencia-tecnica-apple-e-samsung/,8,332,2.41%,7.4
https://mgi.com.br/servicos-assistencia-tecnica/,8,167,4.79%,7.99
https://mgi.com.br/solucoes/gestao-eletronica-de-documentos/,6,90,6.67%,10.32
https://mgi.com.br/aluguel-de-impressoras/cotia/,6,17,35.29%,10.94
https://mgi.com.br/contratos-de-manutencao/,4,44,9.09%,5.77
https://mgi.com.br/solucoes/apontamento-de-producao/,3,139,2.16%,24.91
https://mgi.com.br/aluguel-de-impressoras/santa-isabel/,3,6,50%,4.5
https://mgi.com.br/mobilidade-corporativa-como-implementar/,2,103,1.94%,24.36
https://mgi.com.br/servicos-mototalk/,2,94,2.13%,8.79
https://mgi.com.br/aluguel-de-impressoras/campinas/,2,23,8.7%,9.09
https://mgi.com.br/aluguel-de-impressoras/jacarei/,2,11,18.18%,4.55
https://mgi.com.br/aluguel-de-impressoras/presidente-prudente/,2,10,20%,14.3
https://mgi.com.br/segmento/manufatura/,2,6,33.33%,6.5
https://mgi.com.br/solucoes/warehouse-management-system-wms/,1,1355,0.07%,45.04
https://mgi.com.br/solucoes/automacao-da-forca-de-vendas/,1,327,0.31%,33.45
https://mgi.com.br/amplie-a-comunicacao-de-sua-equipe-em-campo-com-o-mototalk/,1,198,0.51%,9.85
https://mgi.com.br/gerenciamento-de-dispositivos-moveis-tudo-o-que-voce-precisa-saber/,1,119,0.84%,14.93
https://mgi.com.br/solucoes/operacao-de-loja/,1,61,1.64%,7.95
https://mgi.com.br/mgi-solucoes-adquire-kaprinter-outsourcing-impressao/,1,60,1.67%,6.03
https://mgi.com.br/o-papel-do-mdm-na-simplificacao-da-gestao-de-dispositivos/,1,48,2.08%,25.96
https://mgi.com.br/aluguel-de-impressoras/sorocaba/,1,37,2.7%,17.03
https://mgi.com.br/aluguel-de-impressoras/aruja/,1,25,4%,6.72
https://mgi.com.br/aluguel-de-impressoras/,1,21,4.76%,7.81
https://mgi.com.br/aluguel-de-impressoras/indaiatuba/,1,14,7.14%,4.07
https://mgi.com.br/gerenciamento-eletronico-de-documentos-10-beneficios-para-sua-empresa/,1,14,7.14%,11.21
https://mgi.com.br/aluguel-de-impressoras/piracicaba/,1,12,8.33%,5.92
https://mgi.com.br/aluguel-de-impressoras/araraquara/,1,12,8.33%,19
https://mgi.com.br/aluguel-de-impressoras/maua/,1,11,9.09%,19.55
https://mgi.com.br/locacao-de-impressoras/,1,8,12.5%,13.5
https://mgi.com.br/outsourcing-de-impressao/,1,7,14.29%,13.43
https://mgi.com.br/aluguel-de-impressoras/leme/,1,7,14.29%,16.14
https://mgi.com.br/aluguel-de-impressoras/araras/,1,6,16.67%,4.83
https://mgi.com.br/aluguel-de-impressoras/birigui/,1,6,16.67%,7
https://mgi.com.br/aluguel-de-impressoras/guaratingueta/,1,5,20%,3
https://mgi.com.br/aluguel-de-impressoras/itu/,1,2,50%,5
http://mgi.com.br/,1,1,100%,1
https://mgi.com.br/outsourcing/outsourcing-de-impressoras-para-empresas/,1,1,100%,3
https://mgi.com.br/o-gerenciamento-de-dispositivos-moveis-como-ponto-central-das-organizacoes/,0,913,0%,43.59
https://mgi.com.br/gerenciamento-de-dispositivos-moveis-7-recursos-essenciais-para-sua-empresa/,0,815,0%,23.5
https://mgi.com.br/o-que-considerar-ao-escolher-uma-solucao-mdm/,0,282,0%,38.08
https://mgi.com.br/solucoes/comprovacao-de-entrega-pod/,0,121,0%,7.94
https://mgi.com.br/politica-de-privacidade/,0,87,0%,7.06
https://mgi.com.br/cases/,0,72,0%,16.54
https://mgi.com.br/aluguel-de-impressoras/jundiai/,0,41,0%,13.8
https://mgi.com.br/mobilidade-industrial-conheca-os-servicos-personalizados-mgitech-para-a-industria/,0,36,0%,5.69
https://mgi.com.br/aluguel-de-impressoras/barueri/,0,34,0%,18.35
https://mgi.com.br/aluguel-de-impressoras/itaquaquecetuba/,0,33,0%,34.36
https://mgi.com.br/locacao-de-dispositivos-moveis-como-estrategia-de-negocios/,0,29,0%,3.66
https://mgi.com.br/solucoes/concessao-de-credito-agil/,0,28,0%,7.86
https://mgi.com.br/quais-as-vantagens-na-utilizacao-do-mdm-no-caso-de-um-ciberataque/,0,28,0%,13.39
https://mgi.com.br/servicos-de-impressao-de-documentos-saiba-por-que-terceirizar/,0,25,0%,6.28
https://mgi.com.br/servicos-personalizacao-e-customizacao-inicial/,0,25,0%,12.12
https://mgi.com.br/aluguel-de-impressoras/jau/,0,25,0%,21.48
https://mgi.com.br/como-manter-o-parque-tecnologico-atualizado-sem-aumentar-custoso-de-post-de-blog-aqui/,0,24,0%,5.21
https://mgi.com.br/mgitech-destaca-atuacao-como-distribuidora-honeywell-no-brasil/,0,24,0%,7.79
https://mgi.com.br/10-beneficios-da-plataforma-myin-da-mgitech/,0,23,0%,6.43
https://mgi.com.br/servicos-protecao-total/,0,22,0%,9.95
https://mgi.com.br/segmento/governo/,0,19,0%,7.26
https://mgi.com.br/aluguel-de-impressoras/taubate/,0,18,0%,7.5
https://mgi.com.br/aluguel-de-impressoras/itapevi/,0,18,0%,34.67
https://mgi.com.br/segmentos/governo/?hsLang=pt-br,0,17,0%,8.47
https://mgi.com.br/solucoes/suporte-e-mentoria-remota/,0,17,0%,9.12
https://mgi.com.br/aluguel-de-impressoras/atibaia/,0,17,0%,24.59
https://mgi.com.br/aluguel-de-impressoras/santo-andre/,0,16,0%,4.88
https://mgi.com.br/solucao-de-suporte-e-mentoria-remotos-com-poderosos-headsets-da-realwear/,0,16,0%,5.5
https://mgi.com.br/porque-sua-empresa-precisa-do-desktop-as-a-service-daas/,0,16,0%,14.62
https://mgi.com.br/aluguel-de-impressoras/praia-grande/,0,16,0%,17.62
https://mgi.com.br/comprar-ou-alugar-tablets-o-que-e-mais-vantajoso-para-as-empresas/,0,15,0%,7.47
https://mgi.com.br/mgitech-participa-de-treinamento-exclusivo-sobre-android-15-e-android-enterprise/,0,15,0%,7.8
https://mgi.com.br/aluguel-de-impressoras/diadema/,0,15,0%,12.53
https://mgi.com.br/impressoras-para-empresas/,0,15,0%,45.53
https://mgi.com.br/android-enterprise-device-reseller-mgitech-e-certificada-pelo-google/,0,15,0%,56.2
https://mgi.com.br/aluguel-de-impressoras/sao-jose-do-rio-preto/,0,14,0%,4.57
https://mgi.com.br/protecao-de-dados-porque-o-android-enterprise-facilita-esse-processo/,0,14,0%,7.43
https://mgi.com.br/aluguel-de-impressoras/sao-bernardo-do-campo/,0,13,0%,9.92
https://mgi.com.br/mdm-e-emm-qual-a-melhor-escolha-para-sua-empresa/,0,12,0%,6.83
https://mgi.com.br/aluguel-de-impressoras/poa/,0,12,0%,15.5
https://mgi.com.br/aluguel-de-impressoras/aluguel-de-impressoras-em-bertioga/,0,12,0%,16.67
https://mgi.com.br/como-o-governo-brasileiro-esta-se-preparando-para-a-chegada-do-5g/,0,12,0%,24.75
https://mgi.com.br/mototalk-torne-a-comunicacao-com-equipes-de-campo-mais-eficiente/,0,11,0%,7.09
https://mgi.com.br/aluguel-de-impressoras/taboao-da-serra/,0,11,0%,21
https://mgi.com.br/aluguel-de-impressoras/deletar-mogi-mirim-2/,0,11,0%,21.55
https://mgi.com.br/locacao-de-multifuncionais/,0,11,0%,33.27
https://mgi.com.br/aluguel-de-impressoras/pindamonhangaba/,0,11,0%,40.91
https://mgi.com.br/aluguel-de-impressoras/sao-caetano-do-sul/,0,10,0%,4.7
https://mgi.com.br/aluguel-de-impressoras/salto/,0,10,0%,4.8
https://mgi.com.br/aluguel-de-impressoras/ribeirao-preto/,0,10,0%,6.5
https://mgi.com.br/android-enterprise-conheca-o-programa-do-google-que-qualifica-dispositivos-moveis-corporativos/,0,10,0%,7.2
https://mgi.com.br/aluguel-de-impressoras/paulinia/,0,10,0%,13.4
https://mgi.com.br/aluguel-de-impressoras/limeira/,0,10,0%,19.5
https://mgi.com.br/mgitech-e-o-programa-android-enterprise-device-reseller-entenda-o-que-isso-significa-para-sua-empresa/,0,9,0%,3.22
https://mgi.com.br/aluguel-de-impressoras/osasco/,0,9,0%,5.67
https://mgi.com.br/opcoes-para-gerenciamento-de-dispositivos-moveis-android-enterprise/,0,9,0%,8.11
https://mgi.com.br/aluguel-de-impressoras/barretos/,0,9,0%,10.44
https://mgi.com.br/aluguel-de-impressoras/guararema/,0,9,0%,41.67
https://mgi.com.br/aluguel-de-impressoras/itapetininga/,0,9,0%,50.44
https://mgi.com.br/evento-inbound-2023-hubspot/,0,8,0%,8.5
https://mgi.com.br/segmentos/logistica/,0,8,0%,27.25
https://mgi.com.br/aluguel-de-impressoras/jandira/,0,7,0%,4.29
https://mgi.com.br/mgitech-e-fast-shop-destacam-parceria-em-centro-de-assistencia-autorizado-apple/,0,7,0%,4.57
https://mgi.com.br/o-que-avaliar-para-escolher-o-fornecedor-de-solucoes-mdm-para-sua-empresa/,0,7,0%,7.14
https://mgi.com.br/tag/assistencia-tecnicatablets-e-smartphones/,0,7,0%,8.29
https://mgi.com.br/aluguel-de-impressoras/hortolandia/,0,7,0%,20.57
https://mgi.com.br/gestao-de-parque-de-impressao/,0,6,0%,2.83
https://mgi.com.br/aluguel-de-impressoras/botucatu/,0,6,0%,3.33
https://mgi.com.br/aluguel-de-impressoras/caraguatatuba/,0,6,0%,4.67
https://mgi.com.br/tag/assistencia-tecnica/,0,6,0%,6.5
https://mgi.com.br/android-enterprise-conheca-o-programa-do-google-que-qualifica-dispositivos-moveis-corporativos/?nocache=1777873771,0,6,0%,6.83
https://mgi.com.br/tag/mobile-device-management-mdmtecnologias/,0,6,0%,6.83
https://mgi.com.br/quando-terceirizar-servicos-de-impressao-de-documentos/,0,6,0%,8.17
https://mgi.com.br/aluguel-de-impressoras/ourinhos/,0,6,0%,8.5
https://mgi.com.br/aluguel-de-impressoras/valinhos/,0,6,0%,11.83
https://mgi.com.br/aluguel-de-impressoras/lorena/,0,6,0%,16.33
https://mgi.com.br/aluguel-de-impressoras/olimpia/,0,6,0%,27.5
https://mgi.com.br/gestao-de-ativos-ti-controle-parque-tecnologico/,0,6,0%,36.67
https://mgi.com.br/calculadoraexecutiva/,0,5,0%,2.2
https://mgi.com.br/aluguel-de-impressoras/sao-carlos/,0,5,0%,5.4
https://mgi.com.br/aluguel-de-impressoras/carapicuiba/,0,5,0%,6
https://mgi.com.br/por-que-reparar-seus-equipamentos-corporativos-em-assistencias-tecnicas-autorizadas/,0,5,0%,9
https://mgi.com.br/aluguel-de-impressoras/itupeva/,0,5,0%,9.4
https://mgi.com.br/aluguel-de-impressoras/mogi-guacu/,0,5,0%,12.8
https://mgi.com.br/aluguel-de-impressoras/avare/,0,5,0%,25.4
https://mgi.com.br/como-implementar-o-gerenciamento-de-dispositivos-moveis-na-sua-empresa/,0,5,0%,40.4
https://mgi.com.br/aluguel-de-impressoras/jaboticabal/,0,5,0%,50
https://mgi.com.br/aluguel-de-impressoras/sumare/,0,4,0%,3.5
https://mgi.com.br/aluguel-de-impressoras/itapeva/,0,4,0%,4
https://mgi.com.br/plano-de-manutencao-de-dispositivos-moveis-saiba-por-que-sua-empresa-precisa-de-um/,0,4,0%,4.5
https://mgi.com.br/termos-de-uso/,0,4,0%,4.5
https://mgi.com.br/aluguel-de-impressoras/assis/,0,4,0%,6.25
https://mgi.com.br/aluguel-de-impressoras/bauru/,0,4,0%,6.25
https://mgi.com.br/aluguel-de-impressoras/varzea-paulista/,0,4,0%,7
https://mgi.com.br/aluguel-de-impressoras/aracatuba/,0,4,0%,7.5
https://mgi.com.br/mdm-e-emm-qual-a-melhor-escolha-para-sua-empresa/?nocache=1781292178,0,4,0%,8
https://mgi.com.br/aluguel-de-impressoras/americana/,0,4,0%,8.5
https://mgi.com.br/aluguel-de-impressoras/mairipora/,0,4,0%,17.25
https://mgi.com.br/aluguel-de-impressoras/mococa/,0,4,0%,27.5
https://mgi.com.br/aluguel-de-impressoras/franca/,0,4,0%,29.75
https://mgi.com.br/aluguel-de-impressoras/fernandopolis/,0,3,0%,3.33
https://mgi.com.br/aluguel-de-impressoras/nova-odessa/,0,3,0%,3.67
https://mgi.com.br/guia-pratico-para-a-gestao-de-dispositivos-moveis-da-sua-empresa/?nocache=1772207015,0,3,0%,4
https://mgi.com.br/aluguel-de-impressoras/braganca-paulista/,0,3,0%,4.33
https://mgi.com.br/tag/mobilidade-corporativatablets-e-smartphones/,0,3,0%,4.67
https://mgi.com.br/aluguel-de-impressoras/cordeiropolis/,0,3,0%,6
https://mgi.com.br/por-que-realizar-a-manutencao-preventiva-em-coletores-de-dados/,0,3,0%,6
https://mgi.com.br/aluguel-de-impressoras/rio-claro/,0,3,0%,8
https://mgi.com.br/aluguel-de-impressoras/tupa/,0,3,0%,8
https://mgi.com.br/aluguel-de-impressoras/embu-das-artes/,0,3,0%,10.33
https://mgi.com.br/aluguel-de-impressoras/mogi-mirim/,0,3,0%,11.33
https://mgi.com.br/por-que-participar-da-politica-de-canais-da-mgitech/,0,3,0%,14.33
https://mgi.com.br/tag/grupo-mgitech/,0,3,0%,19.67
https://mgi.com.br/aluguel-de-impressoras/santa-branca/,0,3,0%,45.67
https://mgi.com.br/aluguel-de-impressoras/deletar-sao-joao-da-boa-vista-2/,0,3,0%,46.67
https://mgi.com.br/aluguel-de-impressoras/ribeirao-pires/,0,3,0%,51.33
https://mgi.com.br/aluguel-de-impressoras/santa-barbara-d-oeste/,0,2,0%,1.5
https://mgi.com.br/aluguel-de-impressoras/cacapava/,0,2,0%,3
https://mgi.com.br/aluguel-de-impressoras/santa-cruz-do-rio-pardo/,0,2,0%,3
https://mgi.com.br/atualize-seu-parque-tecnologico-sem-afetar-o-orcamento-com-a-locacao-de-dispositivos-moveis/,0,2,0%,3.5
https://mgi.com.br/segmentos/logistica/?hsLang=pt-br,0,2,0%,3.5
https://mgi.com.br/workstations-tendencias-em-tecnologia-para-2025/,0,2,0%,3.5
https://mgi.com.br/os-principais-recursos-presentes-em-dispositivos-moveis-android-enterprise/,0,2,0%,4
https://mgi.com.br/aluguel-de-impressoras/penapolis/,0,2,0%,4.5
https://mgi.com.br/aluguel-de-impressoras/bebedouro/,0,2,0%,5.5
https://mgi.com.br/segmento/servicos/,0,2,0%,5.5
https://mgi.com.br/mobilidade-empresarial-saiba-como-promover-processos-ageis-com-equipamentos-e-servicos-adequados/,0,2,0%,6
https://mgi.com.br/seguranca-de-dispositivos-moveis-entenda-os-mecanismos-presentes-em-dispositivos-android-enterprise/,0,2,0%,6
https://mgi.com.br/aluguel-de-impressoras/sertaozinho/,0,2,0%,6.5
https://mgi.com.br/aluguel-de-impressoras/itapecerica-da-serra/,0,2,0%,7
https://mgi.com.br/aluguel-de-impressoras/registro/,0,2,0%,7
https://mgi.com.br/aluguel-de-impressoras/tatui/,0,2,0%,7
https://mgi.com.br/cases/industria-alimenticia/,0,2,0%,8
https://mgi.com.br/o-papel-do-mdm-na-simplificacao-da-gestao-de-dispositivos/?nocache=1782130794,0,2,0%,17.5
https://mgi.com.br/aluguel-de-impressoras/votorantim/,0,2,0%,20
https://mgi.com.br/segmentos/servicos/,0,2,0%,48
https://mgi.com.br/segmentos/governo/,0,2,0%,84.5
https://www.mgi.com.br/,0,1,0%,1
https://mgi.com.br/aluguel-de-impressoras/sao-roque/,0,1,0%,2
https://mgi.com.br/blog/,0,1,0%,2
https://mgi.com.br/aluguel-de-impressoras/deletar-itapeva-2/,0,1,0%,3
https://mgi.com.br/aluguel-de-impressoras/catanduva/,0,1,0%,5
https://mgi.com.br/contato,0,1,0%,5
https://mgi.com.br/aluguel-de-impressoras/aluguel-de-impressoras-em-batatais/,0,1,0%,6
https://mgi.com.br/tag/eventos/,0,1,0%,6
https://mgi.com.br/tag/impressao/,0,1,0%,6
https://mgi.com.br/tag/mgitechprograma-de-parceiros/,0,1,0%,6
https://mgi.com.br/aluguel-de-impressoras/salesopolis/,0,1,0%,8
https://mgi.com.br/aluguel-de-impressoras/biritiba-mirim/,0,1,0%,9
https://mgi.com.br/segmento/mineracao/,0,1,0%,9
https://mgi.com.br/segmento/varejo/,0,1,0%,10
https://mgi.com.br/tag/aluguel-compra-de-equipamentosmobilidade-corporativa/,0,1,0%,11
https://mgi.com.br/tag/mototalk/,0,1,0%,11
https://mgi.com.br/guia-pratico-para-a-gestao-de-dispositivos-moveis-da-sua-empresa/?nocache=1771841549,0,1,0%,12
https://mgi.com.br/tag/transformacao-digital/,0,1,0%,12
https://mgi.com.br/tag/servico-personalizado/,0,1,0%,21
https://mgi.com.br/aluguel-de-impressoras/matao/,0,1,0%,27